timestamp,mg320,pg12,evg,jager,schl1,schl4,schl5,schl6,schl7
07:31:15,0,0,0,0,0,0,0,0,0
07:31:24,0,0,0,0,0,0,0,0,0
07:31:33,0,0,0,0,0,0,0,0,0
07:31:42,0,0,0,0,0,0,0,0,0
07:31:51,0,0,0,0,0,0,0,0,0
07:31:59,0,0,0,0,0,0,0,0,0
07:32:08,0,0,0,0,0,0,0,0,0
07:32:34,0,0,0,0,0,0,0,0,0
07:32:43,0,0,0,0,0,0,0,0,0
07:32:52,0,0,0,0,0,0,0,0,0
07:33:01,0,0,0,0,0,0,0,0,0
07:33:10,0,0,0,0,0,0,0,0,0
07:33:19,0,0,0,0,0,0,0,0,0
07:33:28,0,0,0,0,0,0,0,0,0
07:34:03,0,0,0,0,0,0,0,0,0
07:34:12,0,0,0,0,0,0,0,0,0
07:34:20,0,0,0,0,0,0,0,0,0
07:34:29,0,0,0,0,0,0,0,0,0
07:34:38,0,0,0,0,0,0,0,0,0
07:34:47,0,0,0,0,0,0,0,0,0
07:35:13,0,0,0,0,0,0,0,0,0
07:35:22,0,0,0,0,0,0,0,0,0
07:35:31,0,0,0,0,0,0,0,0,0
07:35:40,0,0,0,0,0,0,0,0,0
07:35:49,0,0,0,0,0,0,0,0,0
07:35:57,0,0,0,0,0,0,0,0,0
07:36:06,0,0,0,0,0,0,0,0,0
07:36:32,0,0,0,0,0,0,0,0,0
07:36:41,0,0,0,0,0,0,0,0,0
07:36:50,0,0,0,0,0,0,0,0,0
07:36:59,0,0,0,0,0,0,0,0,0
07:37:08,0,0,0,0,0,0,0,0,0
07:37:16,0,0,0,0,0,0,0,0,0
07:37:25,0,0,0,0,0,0,0,0,0
07:37:34,0,0,0,0,0,0,0,0,0
07:37:43,0,0,0,0,0,0,0,0,0
07:38:09,0,0,0,0,0,0,0,0,0
07:38:18,0,0,0,0,0,0,0,0,0
07:38:27,0,0,0,0,0,0,0,0,0
07:38:36,0,0,0,0,0,0,0,0,0
07:38:45,0,0,0,0,0,0,0,0,0
07:38:54,0,0,0,0,0,0,0,0,0
07:39:02,0,0,0,0,0,0,0,0,0
07:39:11,0,0,0,0,0,0,0,0,0
07:39:20,0,0,0,0,0,0,0,0,0
07:39:46,0,0,0,0,0,0,0,0,0
07:39:55,0,0,0,0,0,0,0,0,0
07:40:04,0,0,0,0,0,0,0,0,0
07:40:13,0,0,0,0,0,0,0,0,0
07:40:22,0,0,0,0,0,0,0,0,0
07:40:31,0,0,0,0,0,0,0,0,0
07:40:39,0,0,0,0,0,0,0,0,0
07:41:06,0,0,0,0,0,0,0,0,0
07:41:14,0,0,0,0,0,0,0,0,0
07:41:23,84,0,0,0,0,0,0,0,0
07:41:32,0,0,0,0,0,0,0,0,0
07:41:41,38,0,0,0,0,0,0,0,0
07:41:50,83,0,0,0,0,0,0,0,0
07:41:59,99,0,0,0,0,0,0,0,0
07:42:08,102,0,0,0,0,0,0,0,0
07:42:34,0,0,0,0,0,0,0,0,0
07:42:43,0,0,0,0,0,0,0,0,0
07:42:52,0,0,0,0,0,0,0,0,0
07:43:00,0,0,0,0,0,0,0,0,0
07:43:09,0,0,0,0,0,0,0,0,0
07:43:18,0,0,0,0,0,0,0,0,0
07:43:45,0,0,0,0,35,0,0,0,0
07:43:54,0,0,0,0,82,0,0,0,0
07:44:03,0,0,0,0,78,0,0,0,0
07:44:12,0,0,0,0,39,0,0,0,0
07:44:22,43,0,0,0,78,0,0,0,0
07:44:31,102,0,0,0,84,0,0,0,20
07:44:40,99,0,0,0,36,0,0,0,52
07:44:49,111,0,0,0,78,0,0,0,53
07:44:59,108,0,0,0,82,0,0,0,53
07:45:11,96,0,0,0,86,0,0,0,54
07:45:31,0,0,0,0,82,0,0,0,54
07:45:53,0,70,0,0,0,0,0,0,0
07:46:25,0,71,0,0,0,0,0,0,0
07:46:45,0,0,0,0,0,0,20,0,0
07:46:54,0,0,0,0,0,0,0,0,0
07:47:15,0,77,0,0,0,0,0,0,0
07:47:25,0,76,0,0,0,0,0,0,0
07:47:37,0,76,0,0,0,0,0,0,55
07:47:49,0,77,0,0,0,0,0,0,53
07:47:59,0,76,0,0,0,0,0,0,55
07:48:08,0,73,0,0,0,0,0,0,53
07:48:23,20,59,0,0,0,0,0,0,52
07:49:12,0,77,0,0,0,0,0,0,0
07:49:22,0,0,0,0,0,0,0,0,0
07:49:31,0,0,0,0,0,0,0,0,0
07:49:50,0,0,0,0,0,0,0,0,0
07:50:01,0,0,0,0,0,0,0,0,0
07:50:15,0,0,0,0,0,0,0,0,0
07:50:25,46,0,0,0,0,0,0,0,0
07:50:36,94,0,0,0,0,0,0,0,0
07:50:45,99,0,0,0,0,0,0,0,0
07:50:54,99,0,0,0,0,0,0,0,0
07:51:07,105,20,0,0,0,0,0,0,0
07:51:26,99,0,0,0,0,0,0,0,0
07:51:35,96,0,0,0,0,0,0,0,0
07:51:46,108,0,0,0,0,0,0,0,0
07:51:55,102,73,0,0,0,0,0,0,0
07:52:05,105,77,0,0,0,0,0,0,0
07:52:15,105,72,0,0,0,0,0,0,0
07:52:24,0,76,0,0,0,0,0,0,0
07:52:34,0,77,0,0,0,0,0,0,53
07:52:43,0,0,0,0,0,0,0,0,54
07:52:52,0,0,0,0,0,0,0,0,54
07:53:01,0,0,0,0,0,0,0,0,54
07:53:11,0,0,0,0,0,0,0,0,53
07:53:20,0,0,0,0,0,0,0,0,56
07:53:29,0,0,0,0,0,0,0,0,53
07:53:38,0,0,0,0,0,0,0,0,20
08:01:16,0,0,0,0,86,0,0,0,53
08:01:24,0,0,0,0,82,0,0,0,55
08:01:33,0,0,0,0,86,0,0,0,54
08:02:15,0,0,0,0,90,0,0,0,53
08:02:24,20,0,0,0,80,0,0,0,50
08:02:33,42,0,0,0,88,0,0,0,54
08:02:41,47,0,0,0,0,0,0,0,54
08:02:50,83,0,0,0,88,0,0,0,53
08:02:59,105,0,0,0,93,0,0,0,55
08:03:08,0,0,0,0,95,0,0,0,54
08:03:16,0,0,0,0,88,0,0,0,54
08:03:25,0,65,0,0,95,0,0,0,53
08:03:34,0,0,0,0,88,0,0,0,53
08:03:42,0,0,0,0,39,0,0,0,53
08:03:51,0,0,0,0,90,0,0,0,54
08:04:00,0,0,0,0,38,0,0,0,54
08:04:09,0,0,0,0,90,0,0,0,56
08:04:18,0,0,0,0,84,0,0,0,54
08:04:28,0,60,0,0,86,0,0,0,0
08:04:37,0,69,0,0,90,0,0,0,51
08:04:46,0,71,0,0,86,0,0,0,50
08:04:55,0,67,0,0,90,0,0,0,55
08:05:04,0,76,0,0,88,0,0,0,54
08:05:15,0,76,0,0,88,0,0,0,54
08:05:24,20,74,0,0,88,0,0,0,20
08:05:33,35,77,0,0,93,0,0,0,53
08:05:42,83,0,0,0,90,0,0,0,54
08:05:51,108,20,0,0,90,0,0,0,55
08:06:00,105,0,0,0,93,0,0,0,54
08:06:09,96,0,0,0,88,0,0,0,54
08:06:17,105,0,0,0,88,0,0,0,0
08:06:27,108,0,0,0,88,0,0,0,54
08:06:36,96,0,0,0,86,0,0,0,56
08:06:45,108,0,0,0,88,0,0,0,52
08:06:56,108,0,0,0,82,0,0,0,55
08:07:25,108,74,0,0,90,0,0,0,31
08:10:29,108,76,0,0,90,0,0,0,55
08:11:33,108,77,0,0,84,0,0,0,50
08:11:58,102,77,0,0,0,0,0,0,30
08:12:07,96,65,0,0,0,0,0,0,31
08:12:16,99,76,0,0,0,0,0,0,30
08:12:25,111,74,0,0,0,0,0,0,28
08:12:33,102,64,0,0,0,0,0,0,32
08:12:44,108,77,0,0,0,0,0,0,54
08:12:54,102,76,0,0,20,0,0,0,55
08:13:03,99,77,0,0,84,0,0,0,54
08:13:13,111,76,0,0,86,0,0,0,54
08:13:22,99,77,0,0,0,0,0,0,55
08:13:31,99,75,0,0,86,0,0,0,55
08:13:39,99,77,0,0,78,0,0,0,54
08:13:48,105,76,0,0,86,0,0,0,0
08:13:57,111,75,0,0,41,0,0,0,54
08:14:06,99,75,0,0,38,0,0,0,55
08:14:15,99,0,0,0,88,0,0,0,54
08:14:26,108,76,0,0,82,0,0,0,55
08:14:36,102,76,0,0,0,0,0,0,0
08:14:48,99,60,0,0,0,0,0,0,0
08:14:56,105,55,0,0,0,0,0,0,0
08:15:05,108,73,0,0,0,0,0,0,0
08:15:14,102,77,0,0,0,0,0,0,28
08:15:23,102,76,0,0,0,0,0,0,0
08:15:32,102,77,0,0,0,0,0,0,0
08:15:41,105,76,0,0,0,0,0,0,53
08:15:50,99,0,0,0,0,0,0,0,55
08:16:00,99,0,0,0,0,0,0,0,50
08:16:09,99,0,0,0,0,0,0,0,50
08:16:19,102,0,0,0,0,0,0,0,0
08:16:28,102,0,0,0,0,0,0,0,31
08:16:37,108,0,0,0,0,0,0,0,0
08:16:47,99,0,0,0,0,0,0,0,0
08:16:58,108,0,0,0,0,0,0,0,0
08:17:07,102,0,0,0,0,0,0,0,0
08:17:36,102,76,0,0,0,0,0,0,0
08:17:46,99,75,0,0,0,0,0,0,0
08:18:01,108,72,0,0,0,0,0,0,28
08:18:16,111,76,0,0,0,0,0,0,32
08:18:27,108,76,0,0,0,0,0,0,52
08:18:59,96,75,0,0,0,0,0,0,55
08:19:13,108,45,0,0,0,0,0,0,0
08:19:35,108,58,0,0,0,0,0,0,55
08:19:46,108,78,0,0,0,0,0,0,55
08:20:49,102,0,0,0,0,0,0,0,55
08:20:55,102,0,0,0,0,0,0,0,54
08:21:01,111,0,0,0,0,0,0,0,55
08:21:07,105,0,0,0,0,0,0,0,0
08:21:14,102,0,0,0,0,0,0,0,51
08:21:20,108,0,0,0,0,0,0,0,55
08:21:26,108,0,0,0,0,0,0,0,55
08:21:32,102,0,0,0,0,0,0,0,54
08:21:38,108,0,0,0,0,0,0,0,53
08:21:44,108,0,0,0,0,0,0,0,54
08:21:50,102,0,0,0,0,0,0,0,55
08:21:56,99,0,0,0,0,0,0,0,55
08:22:02,111,0,0,0,0,0,0,0,20
08:22:08,102,0,0,0,0,0,0,0,46
08:22:15,99,0,0,0,0,0,0,0,55
08:22:21,108,0,0,0,0,0,0,0,55
08:22:27,108,0,0,0,0,0,0,0,54
08:22:33,102,0,0,0,0,0,0,0,53
08:22:39,105,0,0,0,0,0,0,0,54
08:22:45,108,0,0,0,0,0,0,0,55
08:22:51,105,0,0,0,0,0,0,0,0
08:22:57,111,0,0,0,0,0,0,0,0
08:23:03,108,0,0,0,0,0,0,0,0
08:23:09,99,0,0,0,0,0,0,0,0
08:23:16,108,0,0,0,0,0,0,0,0
08:23:22,111,0,0,0,0,0,0,0,0
08:23:28,105,0,0,0,0,0,0,0,0
08:23:34,105,0,0,0,0,0,0,0,0
08:23:40,111,0,0,0,0,0,0,0,0
08:23:46,102,0,0,0,0,0,0,0,0
08:23:52,99,0,0,0,0,0,0,0,0
08:23:58,111,0,0,0,0,0,0,0,0
08:24:04,108,0,0,0,0,0,0,0,0
08:24:11,108,0,0,0,0,0,0,0,54
08:24:17,0,0,0,0,0,0,0,0,55
08:24:23,0,0,0,0,0,0,0,0,50
08:24:29,0,0,0,0,0,0,0,0,55
08:24:35,0,0,0,0,0,0,0,0,54
08:24:41,0,0,0,0,0,0,0,0,55
08:24:47,20,0,0,0,0,0,0,0,54
08:24:53,45,0,0,0,0,0,0,0,55
08:24:59,81,0,0,0,0,0,0,0,0
08:25:05,105,0,0,0,35,0,0,0,0
08:25:12,108,0,0,0,78,0,0,0,0
08:25:18,108,0,0,0,88,0,0,0,0
08:25:24,102,0,0,0,88,0,0,0,30
08:25:30,105,0,0,0,86,0,0,0,54
08:25:36,105,0,0,0,86,0,0,0,54
08:25:42,105,0,0,0,84,0,0,0,55
08:25:48,105,0,0,0,38,0,0,0,54
08:25:54,105,0,0,0,88,0,0,0,55
08:26:00,108,0,0,0,84,0,0,0,55
08:26:06,105,0,0,0,86,0,0,0,53
08:26:12,108,0,0,0,37,0,0,0,0
08:26:19,108,0,0,0,88,0,0,0,0
08:26:25,105,0,0,0,88,0,0,0,0
08:26:31,101,0,0,0,86,0,0,0,0
08:26:37,108,0,0,0,80,0,0,0,0
08:26:43,105,0,0,0,82,0,0,0,0
08:26:49,102,0,0,0,90,0,0,0,0
08:26:55,108,0,0,0,86,0,0,0,0
08:27:01,99,0,0,0,88,0,0,0,0
08:27:07,99,0,0,0,90,0,0,0,0
08:27:13,105,0,0,0,86,0,0,0,0
08:27:20,108,0,0,0,73,0,0,0,0
08:27:26,102,0,0,0,82,0,0,0,30
08:27:32,111,0,0,0,82,0,0,0,49
08:27:38,108,0,0,0,86,0,0,0,55
08:27:44,108,0,0,0,82,0,0,0,54
08:27:50,108,0,0,0,82,0,0,0,0
08:27:56,108,0,0,0,84,0,0,0,0
08:28:02,99,0,0,0,82,0,0,0,27
08:28:08,105,0,0,0,86,0,0,0,55
08:28:14,108,0,0,0,88,0,0,0,55
08:28:20,99,0,0,0,38,0,0,0,0
08:28:26,111,0,0,0,84,0,0,0,55
08:28:42,108,0,0,0,20,0,0,0,54
08:28:48,108,0,0,0,80,0,0,0,55
08:28:54,99,0,0,0,84,0,0,0,54
08:29:00,111,0,0,0,88,0,0,0,55
08:29:06,105,0,0,0,75,0,0,0,54
08:29:13,102,0,0,0,86,0,0,0,55
08:29:19,111,0,0,0,84,0,0,0,0
08:29:25,105,0,0,0,80,0,0,0,0
08:29:31,102,0,0,0,86,0,0,0,0
08:29:37,105,0,0,0,88,0,0,0,0
08:29:43,105,0,0,0,90,0,0,0,0
08:29:49,105,0,0,0,86,0,0,0,0
08:30:05,102,0,0,0,86,0,0,0,0
08:30:11,105,20,0,0,84,0,0,0,55
08:30:17,108,0,0,0,86,0,0,0,0
08:30:23,108,0,0,0,86,0,0,0,31
08:30:29,101,0,0,0,84,0,0,0,0
08:30:35,105,20,0,0,84,0,0,0,0
08:30:41,99,0,0,0,86,0,0,0,0
08:30:47,108,0,0,0,84,0,0,0,0
08:30:53,108,0,0,0,88,0,0,0,0
08:30:59,99,0,0,0,86,0,0,0,0
08:31:05,108,0,0,0,84,0,0,0,0
08:31:11,108,0,0,0,88,0,0,0,0
08:31:17,102,0,0,0,90,0,0,0,0
08:31:23,108,0,0,0,84,0,0,0,0
08:31:29,108,0,0,0,78,0,0,0,0
08:31:35,108,0,0,0,93,0,0,0,0
08:31:41,108,0,0,0,80,0,0,0,0
08:31:47,105,0,0,0,84,0,0,0,0
08:31:53,102,0,0,0,88,0,0,0,0
08:31:59,111,0,0,0,86,0,0,0,0
08:32:05,108,0,0,0,88,0,0,0,54
08:32:11,104,0,0,0,84,0,0,0,54
08:32:18,108,0,0,0,80,0,0,0,54
08:32:24,108,0,0,0,86,0,0,0,54
08:32:30,108,0,0,0,0,0,0,0,55
08:32:36,108,0,0,0,0,0,0,0,54
08:32:42,102,0,0,0,20,0,0,0,0
08:32:48,108,0,0,0,84,0,0,0,0
08:32:54,108,0,0,0,80,0,0,0,0
08:33:00,105,0,0,0,86,0,0,0,0
08:33:06,105,0,0,0,62,0,0,0,0
08:33:12,105,0,0,0,75,0,0,0,0
08:33:18,108,0,0,0,86,0,0,0,0
08:33:24,105,20,0,0,82,0,0,0,0
08:33:30,108,0,0,0,84,0,0,0,54
08:33:36,102,0,0,0,71,0,0,0,54
08:33:42,111,0,0,0,86,0,0,0,54
08:33:48,108,0,0,0,75,0,0,0,54
08:33:54,102,0,0,0,38,0,0,0,56
08:34:00,111,20,0,0,84,0,0,0,54
08:34:06,111,0,0,0,88,0,0,0,54
08:34:13,102,0,0,0,0,0,0,0,48
08:34:19,111,0,0,0,0,0,0,0,0
08:34:25,111,0,0,0,0,0,0,0,0
08:34:31,102,0,0,0,0,0,0,0,0
08:34:37,108,0,0,0,0,0,0,0,0
08:34:43,108,0,0,0,0,0,0,0,0
08:34:49,99,0,0,0,0,0,0,0,30
08:34:55,108,0,0,0,0,0,0,0,53
08:35:01,108,0,0,0,0,0,0,0,54
08:35:07,102,0,0,0,84,0,0,0,50
08:35:13,105,0,0,0,86,0,0,0,55
08:35:19,105,0,0,0,88,0,0,0,51
08:35:25,105,0,0,0,39,0,0,0,54
08:35:31,108,0,0,0,86,0,0,0,54
08:35:37,111,0,0,0,80,0,0,0,0
08:35:43,99,0,0,0,0,0,0,0,54
08:35:49,111,0,0,0,0,0,0,0,54
08:35:55,108,0,0,0,0,0,0,0,52
08:36:01,102,0,0,0,0,0,0,0,50
08:36:07,108,0,0,0,0,0,0,0,52
08:36:13,105,0,0,0,0,0,0,0,55
08:36:19,105,0,0,0,0,0,0,0,53
08:36:25,108,0,0,0,0,0,0,0,54
08:36:31,105,0,0,0,0,0,0,0,51
08:36:37,99,0,0,0,0,0,0,0,50
08:36:44,105,0,0,0,0,0,0,0,55
08:36:50,108,0,0,0,0,0,0,0,52
08:36:56,102,0,0,0,0,0,0,0,54
08:37:02,105,20,0,0,0,0,0,0,55
08:37:08,108,62,0,0,0,0,0,0,55
08:37:14,102,77,0,0,0,0,0,0,53
08:37:20,105,64,0,0,20,0,0,0,20
08:37:26,108,77,0,0,82,0,0,0,54
08:37:32,105,74,0,0,84,0,0,0,54
08:37:38,105,75,0,0,86,0,0,0,56
08:37:44,108,77,0,0,90,0,0,0,51
08:37:50,102,71,0,0,75,0,0,0,53
08:37:56,102,0,0,0,57,0,0,0,56
08:38:02,108,0,0,0,84,0,0,0,54
08:38:08,105,0,0,0,86,0,0,0,0
08:38:14,102,0,0,0,86,0,0,0,22
08:38:20,108,0,0,0,82,0,0,0,32
08:38:26,111,0,0,0,0,0,0,0,54
08:38:32,102,0,0,0,0,0,0,0,55
08:38:38,108,0,0,0,0,0,0,0,55
08:38:45,104,0,0,0,0,0,0,0,54
08:38:51,102,0,0,0,0,0,0,0,54
08:38:57,105,0,0,0,0,0,0,0,54
08:39:03,105,0,0,0,0,0,0,0,0
08:39:09,102,0,0,0,0,0,0,0,0
08:39:15,105,0,0,0,0,0,0,0,0
08:39:21,108,0,0,0,0,0,0,0,0
08:39:27,102,0,0,0,0,0,0,0,0
08:39:33,108,0,0,0,0,0,0,0,0
08:39:39,105,0,0,0,82,0,0,0,0
08:39:45,105,0,0,0,60,0,0,0,0
08:39:51,105,0,0,0,0,0,0,0,0
08:39:57,105,0,0,0,0,0,0,0,0
08:40:03,102,20,0,0,0,0,0,0,0
08:40:09,105,0,0,0,0,0,0,0,0
08:40:15,102,0,0,0,0,0,0,0,0
08:40:22,105,0,0,0,0,0,0,0,0
08:40:28,105,0,0,0,0,0,0,0,20
08:40:34,102,20,0,0,0,0,0,0,52
08:40:40,102,77,0,0,0,0,0,0,52
08:40:46,108,0,0,0,0,0,0,0,54
08:40:52,102,0,0,0,0,0,0,0,53
08:40:58,108,0,0,0,0,0,0,0,53
08:41:04,105,0,0,0,0,0,0,0,53
08:41:10,105,0,0,0,0,0,0,0,54
08:41:16,105,0,0,0,0,0,0,0,0
08:41:22,108,0,0,0,0,0,0,0,0
08:41:28,102,0,0,0,0,0,0,0,0
08:41:34,105,0,0,0,0,0,0,0,53
08:41:41,105,0,0,0,0,0,0,0,53
08:41:47,102,0,0,0,0,0,0,0,53
08:41:53,105,0,0,0,0,0,0,0,55
08:41:59,105,0,0,0,0,0,0,0,51
08:42:05,105,0,0,0,0,0,0,0,55
08:42:11,108,0,0,0,0,0,0,0,55
08:42:17,102,0,0,0,0,0,0,0,0
08:42:23,105,0,0,0,0,0,0,0,55
08:42:29,105,0,0,0,0,0,0,0,53
08:42:35,102,70,0,0,0,0,0,0,54
08:42:41,105,77,0,0,0,0,0,0,48
08:42:47,108,77,0,0,0,0,0,0,54
08:42:53,102,77,0,0,0,0,0,0,53
08:42:59,105,74,0,0,0,0,0,0,54
08:43:05,105,69,0,0,0,0,0,0,55
08:43:21,105,59,0,0,0,0,0,0,53
08:43:27,102,79,0,0,0,0,0,0,55
08:43:33,105,79,0,0,0,0,0,0,54
08:43:39,105,78,0,0,0,0,0,0,55
08:43:45,105,77,0,0,0,0,0,0,53
08:43:51,105,73,0,0,0,0,0,0,55
08:43:57,102,81,0,0,0,0,0,0,54
08:44:04,102,82,0,0,0,0,0,0,0
08:44:10,108,20,0,0,0,0,0,0,30
08:44:16,105,70,0,0,0,0,0,0,55
08:44:22,105,70,0,0,0,0,0,0,54
08:44:28,108,81,0,0,0,0,0,0,54
08:44:43,105,70,0,0,0,0,0,0,55
08:44:49,102,81,0,0,0,0,0,0,55
08:44:55,108,82,0,0,0,0,0,0,53
08:45:01,105,83,0,0,0,0,0,0,0
08:45:07,105,78,0,0,0,0,0,0,0
08:45:13,104,83,0,0,0,0,0,0,51
08:45:20,0,82,0,0,0,0,0,0,0
08:45:26,0,0,0,0,0,0,0,0,0
08:45:32,0,0,0,0,0,0,0,0,0
08:45:38,0,0,0,0,0,0,0,0,53
08:45:44,0,0,0,0,0,0,0,0,54
08:45:50,0,0,0,0,0,0,0,0,53
08:45:56,0,0,0,0,0,0,0,0,53
08:46:02,0,79,0,0,0,0,0,0,55
08:46:08,0,63,0,0,0,0,0,0,54
08:46:14,0,74,0,0,0,0,0,0,54
08:46:20,0,81,0,0,0,0,0,0,20
08:46:26,0,79,0,0,0,20,0,0,53
08:46:32,37,81,0,0,0,0,0,0,55
08:46:38,46,82,0,0,0,0,0,0,55
08:46:44,83,82,0,0,0,0,0,0,54
08:46:50,0,82,0,0,0,0,0,0,50
08:46:56,0,77,0,0,0,0,0,0,53
08:47:02,0,83,0,0,0,0,0,0,54
08:47:08,0,80,0,0,0,0,0,0,35
08:47:14,0,81,0,0,0,0,0,0,20
08:47:20,0,81,0,0,0,0,0,0,28
08:47:26,0,80,0,0,0,0,0,0,30
08:47:32,0,80,0,0,0,0,0,0,31
08:47:38,0,81,0,0,0,0,0,0,31
08:47:45,0,57,0,0,0,0,0,0,31
08:47:51,0,0,0,0,0,0,0,0,30
08:47:57,0,0,0,0,0,0,0,0,54
08:48:03,0,0,0,0,0,0,0,0,55
08:48:09,0,0,0,0,0,0,0,0,0
08:48:15,0,0,0,0,0,0,0,0,0
08:48:21,0,0,0,0,0,0,0,0,0
08:48:27,0,0,0,0,0,0,0,0,0
08:48:33,0,0,0,0,0,0,0,0,0
08:48:39,0,0,0,0,0,0,0,0,0
08:48:45,0,0,0,0,0,0,0,0,0
08:48:51,0,0,0,0,0,0,0,0,54
08:48:58,0,0,0,0,0,0,0,0,0
08:49:04,0,0,0,0,0,0,0,0,0
08:49:10,0,0,0,0,0,0,0,0,0
08:49:16,0,0,0,0,0,0,0,0,0
08:49:22,0,0,0,0,0,0,0,0,0
08:49:28,0,0,0,0,0,0,0,0,20
08:49:34,0,0,0,0,0,0,0,0,0
08:49:40,0,0,0,0,0,0,0,0,54
08:49:46,0,0,0,0,0,0,0,0,0
08:49:52,0,60,0,0,0,0,0,0,0
08:49:58,0,73,0,0,0,0,0,0,54
08:50:05,0,80,0,0,0,0,0,0,0
08:50:11,0,39,0,0,0,0,0,0,52
08:50:17,0,0,0,0,0,0,0,0,53
08:50:23,0,0,0,0,0,0,0,0,54
08:50:29,0,0,0,0,0,0,0,0,0
08:50:35,0,0,0,0,0,0,0,0,0
08:50:41,0,0,0,0,0,0,0,0,0
08:50:47,0,0,0,0,0,0,0,0,52
08:50:53,0,0,0,0,0,0,0,0,53
08:50:59,0,0,0,0,0,0,0,0,0
08:51:05,0,0,0,0,0,0,0,0,52
08:51:11,0,0,0,0,0,0,0,0,0
08:51:18,0,0,0,0,0,0,0,0,0
08:51:24,0,0,0,0,0,0,0,0,0
08:51:30,0,0,0,0,0,0,0,0,20
08:51:36,0,0,0,0,0,0,0,0,53
08:51:42,0,0,0,0,0,0,0,0,0
08:51:48,0,0,0,0,0,0,0,0,0
08:51:54,0,0,0,0,0,0,0,0,57
08:52:00,0,0,0,0,0,0,0,0,55
08:52:06,0,0,0,0,0,0,0,0,50
08:52:13,0,0,0,0,0,0,0,0,54
08:52:19,0,0,0,0,0,0,0,0,50
08:52:25,0,0,0,0,0,0,0,0,53
08:52:31,0,0,0,0,88,0,0,0,51
08:52:37,0,0,0,0,82,0,0,0,53
08:52:43,0,0,0,0,82,0,0,0,54
08:52:49,0,0,0,0,71,0,0,0,0
08:52:55,0,0,0,0,82,0,0,0,55
08:53:01,0,0,0,0,84,0,0,0,54
08:53:07,0,0,0,0,82,0,0,0,55
08:53:13,0,0,0,0,84,0,0,0,55
08:53:20,0,0,0,0,77,0,0,0,54
08:53:26,0,0,0,0,82,0,0,0,20
08:53:32,0,0,0,0,86,0,0,0,55
08:53:38,0,0,0,0,68,0,0,0,52
08:53:44,0,0,0,0,86,0,0,0,55
08:53:50,0,0,0,0,0,0,0,0,20
08:53:56,0,0,0,0,88,0,0,0,52
08:54:02,0,0,0,0,88,0,0,0,55
08:54:08,0,0,0,0,84,0,0,0,50
08:54:15,0,0,0,0,86,0,0,0,53
08:54:21,0,0,0,0,80,0,0,0,54
08:54:27,0,0,0,0,84,0,0,0,55
08:54:33,0,0,0,0,38,0,0,0,54
08:54:39,0,0,0,0,59,0,0,0,0
08:54:45,0,0,0,0,0,0,0,0,55
08:54:51,0,0,0,0,0,0,0,0,55
08:54:57,0,0,0,0,0,0,0,0,53
08:55:03,0,0,0,0,0,0,0,0,54
08:55:10,0,0,0,0,0,0,0,0,0
08:55:16,0,0,0,0,0,0,0,0,0
08:55:22,0,0,0,0,0,0,0,0,20
08:55:28,0,0,0,0,0,0,0,0,54
08:55:34,0,0,0,0,0,0,0,0,51
08:55:40,0,0,0,0,0,0,0,0,0
08:55:46,0,0,0,0,0,0,0,0,52
08:55:53,0,0,0,0,0,0,0,0,0
08:55:59,0,0,0,0,0,0,0,0,20
08:56:05,0,0,0,0,0,0,0,0,0
08:56:11,0,0,0,0,0,0,0,0,0
08:56:17,0,0,0,0,0,0,0,0,55
08:56:23,0,0,0,0,0,0,0,0,53
08:56:29,0,0,0,0,0,0,0,0,52
08:56:35,0,0,0,0,0,0,0,0,53
08:56:41,0,0,0,0,0,0,0,0,54
08:56:47,0,0,0,0,0,0,0,0,55
08:56:53,0,0,0,0,0,0,0,0,55
08:56:59,0,0,0,0,0,0,0,0,53
08:57:05,0,0,0,0,0,0,0,0,0
08:57:11,0,20,0,0,0,0,0,0,0
08:57:17,0,70,0,0,0,0,0,0,0
08:57:24,0,82,0,0,0,0,0,0,0
08:57:32,0,78,0,0,0,0,0,0,0
08:57:38,0,20,0,0,0,0,0,0,0
08:57:44,0,73,0,0,0,0,0,0,0
08:57:50,0,74,0,0,0,0,0,0,0
08:57:56,0,80,0,0,0,0,0,0,0
08:58:02,0,79,0,0,0,0,0,0,0
08:58:08,0,81,0,0,0,0,0,0,0
08:58:14,0,81,0,0,0,0,0,0,0
08:58:20,0,76,0,0,0,0,0,0,0
08:58:26,0,75,0,0,0,0,0,0,0
08:58:32,0,77,0,0,0,0,0,0,0
08:58:38,0,82,0,0,0,0,0,0,0
08:58:44,0,81,0,0,0,0,0,0,0
08:58:50,0,82,0,0,0,0,0,0,0
08:58:56,0,78,0,0,0,0,0,0,0
08:59:02,0,82,0,0,0,0,0,0,0
08:59:08,0,82,0,0,0,0,0,0,0
08:59:14,0,83,0,0,0,0,0,0,0
08:59:21,0,83,0,0,0,0,0,0,0
08:59:27,0,82,0,0,0,0,0,0,0
08:59:33,0,83,0,0,0,0,0,0,0
08:59:39,0,81,0,0,0,0,0,0,0
08:59:45,0,81,0,0,0,0,0,0,0
08:59:51,0,81,0,0,0,0,0,0,0
08:59:57,0,81,0,0,0,0,0,0,0
09:00:03,0,83,0,0,0,0,0,0,0
09:00:09,0,81,0,0,0,0,0,0,0
09:00:15,0,81,0,0,0,0,0,0,0
09:00:21,0,37,0,0,0,0,0,0,0
09:00:27,0,0,0,0,0,0,0,0,0
09:00:33,0,0,0,0,0,0,0,0,0
09:00:39,0,0,0,0,0,0,0,0,0
09:00:45,0,0,0,0,0,0,0,0,0
09:00:51,0,0,0,0,0,0,0,0,0
09:00:57,0,0,0,0,0,0,0,0,0
09:01:03,0,0,0,0,0,0,0,0,0
09:01:10,0,0,0,0,0,0,0,0,0
09:01:16,0,0,0,0,0,0,0,0,0
09:01:22,0,0,0,0,0,0,0,0,0
09:01:28,0,0,0,0,0,0,0,0,0
09:01:34,0,0,0,0,0,0,0,0,0
09:01:40,0,0,0,0,0,0,0,0,0
09:01:46,0,0,0,0,0,0,0,0,0
09:01:52,0,0,0,0,0,0,0,0,0
09:01:58,0,0,0,0,0,0,0,0,0
09:02:04,0,0,0,0,0,0,0,0,0
09:02:10,0,0,0,0,0,0,0,0,0
09:02:16,0,0,0,0,0,0,0,0,0
09:02:22,0,0,0,0,0,0,0,0,0
09:02:28,0,0,0,0,0,0,0,0,0
09:02:34,0,0,0,0,0,0,0,0,0
09:02:40,0,0,0,0,0,0,0,0,0
09:02:46,0,0,0,0,0,0,0,0,0
09:02:52,0,0,0,0,0,0,0,0,0
09:02:58,0,0,0,0,0,0,0,0,0
09:03:05,0,0,0,0,0,0,0,0,0
09:03:11,0,0,0,0,0,0,0,0,0
09:03:17,0,0,0,0,0,0,0,0,0
09:03:23,0,0,0,0,0,0,0,0,0
09:03:29,0,0,0,0,0,0,0,0,0
09:03:35,0,0,0,0,0,0,0,0,0
09:03:41,0,0,0,0,0,0,0,0,0
09:03:47,0,0,0,0,0,0,0,0,0
09:03:53,0,0,0,0,0,0,0,0,0
09:03:59,0,0,0,0,0,0,0,0,0
09:04:05,0,0,0,0,0,0,0,0,0
09:04:11,0,0,0,0,0,0,0,0,0
09:04:17,0,0,0,0,0,0,0,0,0
09:04:23,0,0,0,0,0,0,0,0,0
09:04:29,0,0,0,0,0,0,0,0,0
09:04:35,0,0,0,0,0,0,0,0,0
09:04:41,0,0,0,0,0,0,0,0,0
09:04:47,0,0,0,0,0,0,0,0,0
09:04:54,0,0,0,0,0,0,0,0,0
09:05:00,0,0,0,0,0,0,0,0,0
09:05:06,0,0,0,0,0,0,0,0,0
09:05:12,0,0,0,0,0,0,0,0,0
09:05:18,0,0,0,0,0,0,0,0,0
09:05:24,0,0,0,0,0,0,0,0,0
09:05:30,0,0,0,0,0,0,0,0,0
09:05:36,0,0,0,0,0,0,0,0,0
09:05:42,0,0,0,0,0,0,0,0,0
09:05:48,0,0,0,0,0,0,0,0,0
09:05:54,0,0,0,0,0,0,0,0,0
09:06:00,0,0,0,0,0,0,0,0,0
09:06:06,0,0,0,0,20,0,0,0,0
09:06:12,0,0,0,0,0,0,0,0,0
09:06:19,0,0,0,0,0,0,0,0,0
09:06:25,0,0,0,0,86,0,0,0,0
09:06:31,0,0,0,0,21,0,0,0,0
09:06:37,0,0,0,0,37,0,0,0,0
09:06:43,0,0,0,0,0,0,0,0,0
09:06:49,0,0,0,0,88,0,0,0,0
09:06:55,0,0,0,0,0,0,0,0,0
09:07:01,0,0,0,0,0,0,0,0,0
09:07:07,0,0,0,0,84,0,0,0,0
09:07:13,0,0,0,0,84,0,0,0,0
09:07:19,0,0,0,0,82,0,0,0,0
09:07:25,0,0,0,0,80,0,0,0,0
09:07:31,0,0,0,0,86,0,0,0,0
09:07:37,0,0,0,0,80,0,0,0,0
09:07:43,0,0,0,0,56,0,0,0,0
09:07:49,0,0,0,0,69,0,0,0,0
09:07:55,0,0,0,0,0,0,0,0,0
09:08:01,0,0,0,0,0,0,0,0,0
09:08:07,0,0,0,0,0,0,0,0,0
09:08:13,0,0,0,0,0,0,0,0,0
09:08:19,0,0,0,0,82,0,0,0,0
09:08:25,0,0,0,0,82,0,0,0,0
09:08:32,0,0,0,0,84,0,0,0,0
09:08:38,0,0,0,0,71,0,0,0,0
09:08:44,0,0,0,0,84,0,0,0,0
09:08:50,0,0,0,0,80,0,0,0,0
09:08:56,0,20,0,0,86,0,0,0,0
09:09:02,0,0,0,0,80,0,0,0,0
09:09:08,0,77,0,0,82,0,0,0,0
09:09:14,0,77,0,0,80,0,0,0,0
09:09:20,0,77,0,0,88,0,0,0,0
09:09:26,0,73,0,0,37,20,0,0,0
09:09:32,0,81,0,0,77,0,0,0,0
09:09:38,0,72,0,0,88,0,0,0,0
09:09:44,0,81,0,0,71,20,0,0,0
09:09:50,0,76,0,0,86,0,0,0,0
09:09:56,0,81,0,0,88,0,0,0,0
09:10:02,0,81,0,0,86,0,0,0,0
09:10:08,0,81,0,0,64,0,0,0,0
09:10:14,0,80,0,0,78,0,0,0,0
09:10:20,0,82,0,0,80,0,0,0,0
09:10:27,0,0,0,0,72,20,0,0,0
09:10:33,0,0,0,0,23,0,0,0,0
09:10:39,0,0,0,0,82,0,0,0,0
09:10:45,0,0,0,0,84,70,0,0,0
09:10:51,0,0,0,0,68,70,0,0,0
09:10:57,0,0,0,0,0,70,0,0,0
09:11:03,0,0,0,0,82,69,0,0,0
09:11:09,0,0,0,0,77,70,0,0,0
09:11:15,0,0,0,0,0,70,0,0,0
09:11:21,0,0,0,0,20,68,0,0,0
09:11:27,0,0,0,0,84,68,0,0,0
09:11:33,0,0,0,0,74,70,0,0,0
09:11:39,0,0,0,0,84,70,0,0,0
09:11:45,0,0,0,0,78,66,0,0,0
09:11:51,0,0,0,0,56,70,0,0,0
09:11:57,0,0,0,0,24,68,0,0,0
09:12:03,0,0,0,0,84,69,0,0,0
09:12:10,0,0,0,0,0,69,0,0,0
09:12:16,0,75,0,0,78,0,0,0,0
09:12:22,0,0,0,0,41,0,0,0,0
09:12:28,0,0,0,0,88,0,0,0,0
09:12:34,0,0,0,0,84,0,0,0,0
09:12:40,0,82,0,0,88,0,0,0,0
09:12:46,0,79,0,0,0,0,0,0,0
09:12:52,0,81,0,0,86,0,0,0,0
09:12:58,0,81,0,0,77,0,0,0,0
09:13:04,0,81,0,0,82,0,0,0,0
09:13:10,0,81,0,0,80,0,0,0,0
09:13:16,0,67,0,0,84,0,0,0,0
09:13:22,0,83,0,0,78,0,0,0,0
09:13:28,0,81,0,0,20,0,0,0,0
09:13:34,0,81,0,0,86,0,0,0,0
09:13:40,0,82,0,0,82,0,0,0,0
09:13:46,0,79,0,0,78,0,0,0,0
09:13:52,0,81,0,0,77,0,0,0,0
09:13:58,0,75,0,0,77,0,0,0,0
09:14:04,0,83,0,0,88,0,0,0,0
09:14:10,0,81,0,0,77,0,0,0,0
09:14:16,0,83,0,0,80,0,0,0,0
09:14:22,0,81,0,0,75,0,0,0,0
09:14:28,0,82,0,0,88,0,0,0,0
09:14:35,0,81,0,0,69,0,0,0,0
09:14:41,0,82,0,0,77,0,0,0,0
09:14:47,0,81,0,0,75,0,0,0,0
09:14:53,0,83,0,0,84,0,0,0,0
09:14:59,0,81,0,0,67,0,0,0,0
09:15:05,0,82,0,0,82,65,0,0,0
09:15:11,0,81,0,0,82,0,0,0,0
09:15:17,0,82,0,0,82,65,0,0,0
09:15:23,0,81,0,0,84,68,0,0,0
09:15:29,0,81,0,0,86,71,0,0,0
09:15:35,0,81,0,0,86,68,0,0,0
09:15:41,0,81,0,0,86,73,0,0,0
09:15:47,0,81,0,0,86,69,0,0,0
09:15:53,0,66,0,0,78,69,0,0,0
09:15:59,0,81,0,0,0,69,0,0,0
09:16:05,0,82,0,0,0,70,0,0,0
09:16:11,0,80,0,0,0,69,0,0,0
09:16:17,0,82,0,0,0,71,0,0,0
09:16:23,0,81,0,0,0,70,0,0,0
09:16:29,0,82,0,0,0,69,0,0,0
09:16:35,0,83,0,0,0,68,0,0,0
09:16:42,0,80,0,0,0,69,0,0,0
09:16:48,0,82,0,0,0,0,0,0,0
09:16:54,0,83,0,0,0,0,0,0,0
09:17:00,0,82,0,0,0,0,0,0,0
09:17:06,0,83,0,0,0,0,0,0,0
09:17:12,0,79,0,0,0,0,0,0,0
09:17:18,0,81,0,0,0,0,0,0,0
09:17:24,0,81,0,0,0,0,0,0,0
09:17:30,0,81,0,0,0,0,0,0,0
09:17:36,0,80,0,0,0,0,0,0,0
09:17:42,0,81,0,0,0,0,0,0,0
09:17:48,0,82,0,0,0,0,0,0,0
09:17:54,0,81,0,0,0,0,0,0,0
09:18:00,0,83,0,0,0,0,0,0,0
09:18:06,0,82,0,0,0,0,0,0,0
09:18:12,0,82,0,0,0,0,0,0,0
09:18:18,0,82,0,0,0,0,0,0,0
09:18:24,0,82,0,0,0,0,0,0,0
09:18:30,0,78,0,0,0,0,0,0,0
09:18:36,0,0,0,0,0,0,0,0,0
09:18:43,0,0,0,0,0,0,0,0,0
09:18:49,0,0,0,0,0,0,0,0,0
09:18:55,0,0,0,0,0,0,0,0,0
09:19:01,0,0,0,0,0,0,0,0,0
09:19:07,0,0,0,0,0,0,0,0,0
09:19:13,0,0,0,0,0,0,0,0,0
09:19:19,0,0,0,0,0,0,0,0,0
09:19:25,0,0,0,0,0,0,0,0,0
09:19:31,0,0,0,0,0,0,0,0,0
09:19:37,0,0,0,0,0,0,0,0,0
09:19:43,0,0,0,0,0,0,0,0,0
09:19:49,0,0,0,0,0,0,0,0,0
09:19:55,0,80,0,0,0,0,0,0,0
09:20:01,0,61,0,0,0,0,0,0,0
09:20:07,0,0,0,0,0,0,0,0,0
09:20:13,0,0,0,0,0,0,0,0,0
09:20:20,0,80,0,0,0,0,0,0,0
09:20:26,0,76,0,0,0,0,0,0,0
09:20:32,0,71,0,0,0,0,0,0,0
09:20:38,0,81,0,0,0,66,0,0,0
09:20:44,0,77,0,0,0,0,0,0,0
09:20:50,0,81,0,0,0,0,0,0,0
09:20:56,0,82,0,0,0,0,0,0,0
09:21:02,0,81,0,0,0,0,0,0,0
09:21:08,0,82,0,0,0,0,0,0,0
09:21:14,0,81,0,0,0,0,0,0,0
09:21:20,0,82,0,0,0,0,0,0,0
09:21:26,0,0,0,0,0,0,0,0,0
09:21:32,0,0,0,0,0,0,0,0,0
09:21:38,0,0,0,0,0,0,0,0,0
09:22:00,0,0,0,0,0,0,0,0,0
09:22:06,0,0,0,0,20,0,0,0,0
09:22:12,0,0,0,0,80,0,0,0,0
09:22:18,0,0,0,0,0,0,0,0,0
09:22:24,0,0,0,0,0,0,0,0,0
09:22:30,0,0,0,0,0,0,0,0,0
09:22:36,0,0,0,0,0,0,0,0,0
09:22:42,0,0,0,0,0,0,0,0,0
09:22:49,0,0,0,0,0,0,0,0,0
09:22:55,0,0,0,0,82,0,0,0,0
09:23:01,0,0,0,0,84,0,0,0,0
09:23:07,0,0,0,0,82,0,0,0,0
09:23:13,0,0,0,0,84,0,0,0,0
09:23:19,0,0,0,0,84,0,0,0,0
09:23:25,0,0,0,0,80,0,0,0,0
09:23:31,0,0,0,0,82,0,0,0,0
09:23:37,0,0,0,0,84,0,0,0,0
09:23:43,0,0,0,0,82,0,0,0,0
09:23:49,0,0,0,0,77,0,0,0,0
09:23:55,0,0,0,0,80,0,0,0,0
09:24:01,0,0,0,0,36,0,0,0,0
09:24:07,0,0,0,0,21,0,0,0,0
09:24:14,0,0,0,0,77,0,0,0,0
09:24:20,0,0,0,0,82,0,0,0,0
09:24:26,0,0,0,0,80,0,0,0,0
09:24:32,0,0,0,0,88,0,0,0,0
09:24:38,0,0,0,0,78,0,0,0,0
09:24:44,0,0,0,0,82,0,0,0,0
09:24:50,0,0,0,0,84,0,0,0,0
09:24:56,0,0,0,0,86,0,0,0,0
09:25:02,0,0,0,0,80,0,0,0,0
09:25:08,0,0,0,0,86,0,0,0,0
09:25:14,0,0,0,0,84,0,0,0,0
09:25:21,0,0,0,0,78,0,0,0,0
09:25:27,0,0,0,0,61,0,0,0,0
09:25:33,0,0,0,0,86,0,0,0,0
09:25:39,0,0,0,0,86,0,0,0,0
09:25:45,0,0,0,0,82,0,0,0,0
09:25:51,0,0,0,0,86,0,0,0,0
09:25:57,0,0,0,0,88,0,0,0,0
09:26:03,0,0,0,0,82,0,0,0,0
09:26:09,0,0,0,0,0,0,0,0,0
09:26:15,0,0,0,0,0,0,0,0,0
09:26:22,0,0,0,0,84,0,0,0,0
09:26:28,0,0,0,0,36,0,0,0,0
09:26:34,0,63,0,0,84,0,0,0,0
09:26:40,0,0,0,0,78,0,0,0,0
09:26:46,0,79,0,0,75,0,0,0,0
09:26:52,0,77,0,0,73,0,0,0,0
09:26:58,0,81,0,0,86,0,0,0,0
09:27:04,0,80,0,0,62,0,0,0,0
09:27:11,0,79,0,0,84,0,0,0,0
09:27:17,0,57,0,0,86,0,0,0,0
09:27:23,0,74,0,0,20,0,0,0,0
09:27:29,0,82,0,0,86,0,0,0,0
09:27:35,0,81,0,0,78,0,0,0,0
09:27:41,0,82,0,0,39,0,0,0,0
09:27:47,0,57,0,0,82,68,0,0,0
09:27:53,0,81,0,0,84,70,0,0,0
09:27:59,0,82,0,0,82,68,0,0,0
09:28:05,0,68,0,0,71,68,0,0,0
09:28:11,0,82,0,0,82,68,0,0,0
09:28:17,0,81,0,0,84,66,0,0,0
09:28:23,0,82,0,0,0,65,0,0,0
09:28:29,0,82,0,0,0,66,0,0,0
09:28:35,0,82,0,0,86,68,0,0,0
09:28:42,0,20,0,0,84,68,0,0,0
09:28:57,0,79,0,0,82,64,0,0,0
09:29:03,0,81,0,0,82,68,0,0,0
09:29:09,0,81,0,0,0,71,0,0,0
09:29:15,0,80,0,0,0,67,0,0,0
09:29:22,0,80,0,0,86,0,0,0,0
09:29:28,0,81,0,0,86,0,0,0,0
09:29:34,0,57,0,0,84,0,0,0,0
09:29:40,0,81,0,0,0,0,0,0,0
09:29:46,0,82,0,0,0,0,0,0,0
09:29:52,0,20,0,0,73,0,0,0,0
09:29:58,0,82,0,0,84,0,0,0,0
09:30:04,0,82,0,0,84,0,0,0,0
09:30:10,0,80,0,0,86,0,0,0,0
09:30:16,0,76,0,0,20,0,0,0,0
09:30:22,0,80,0,0,77,0,0,0,0
09:30:28,0,81,0,0,84,0,0,0,0
09:30:34,0,81,0,0,84,0,0,0,0
09:30:41,0,0,0,0,78,0,0,0,0
09:30:47,0,82,0,0,0,0,0,0,0
09:30:53,0,81,0,0,0,0,0,0,0
09:30:59,0,75,0,0,0,0,0,0,0
09:31:05,0,83,0,0,0,0,0,0,0
09:31:11,0,82,0,0,0,0,0,0,0
09:31:17,0,0,0,0,0,0,0,0,0
09:31:23,0,80,0,0,20,0,0,0,0
09:31:29,0,82,0,0,84,0,0,0,0
09:31:35,0,82,0,0,84,0,0,0,0
09:31:51,0,57,0,0,0,20,0,0,0
09:31:57,0,81,0,0,0,0,0,0,0
09:32:03,0,82,0,0,0,20,0,0,0
09:32:09,0,82,0,0,0,0,0,0,0
09:32:15,0,82,0,0,0,64,0,0,0
09:32:22,0,81,0,0,0,68,0,0,0
09:32:28,0,82,0,0,85,68,0,0,0
09:32:34,0,73,0,0,80,70,0,0,0
09:32:40,0,81,0,0,84,71,0,0,0
09:32:56,0,82,0,0,78,72,0,0,0
09:33:02,0,83,0,0,60,69,0,0,0
09:33:08,0,81,0,0,0,68,0,0,0
09:33:14,0,81,0,0,0,70,0,0,0
09:33:20,0,82,0,0,0,68,0,0,0
09:33:26,0,83,0,0,0,68,0,0,0
09:33:32,0,82,0,0,66,70,0,0,0
09:33:38,0,83,0,0,0,70,0,0,0
09:33:44,0,82,0,0,0,68,0,0,0
09:33:50,0,82,0,0,0,0,0,0,0
09:33:57,0,81,0,0,78,0,0,0,0
09:34:03,0,81,0,0,82,0,0,0,0
09:34:09,0,71,0,0,64,0,0,0,0
09:34:15,0,83,0,0,82,0,0,0,0
09:34:21,0,81,0,0,84,0,0,0,0
09:34:27,0,82,0,0,86,0,0,0,0
09:34:33,0,83,0,0,82,0,0,0,0
09:34:40,0,81,0,0,82,0,0,0,0
09:34:46,0,84,0,0,86,0,0,0,0
09:34:52,0,82,0,0,61,0,0,0,0
09:34:58,0,80,0,0,86,0,0,0,0
09:35:05,0,81,0,0,80,0,0,0,0
09:35:11,0,83,0,0,90,0,0,0,0
09:35:17,0,83,0,0,86,0,0,0,0
09:35:23,0,81,0,0,69,0,0,0,0
09:35:30,0,81,0,0,78,0,0,0,0
09:35:36,0,82,0,0,0,0,0,0,0
09:35:42,0,81,0,0,84,0,0,0,0
09:35:48,0,81,0,0,86,0,0,0,0
09:35:54,0,82,0,0,80,0,0,0,0
09:36:00,0,82,0,0,73,0,0,0,0
09:36:06,0,0,0,0,82,0,0,0,0
09:36:13,0,0,0,0,72,0,0,0,0
09:36:19,0,0,0,0,84,0,0,0,0
09:36:25,0,0,0,0,82,0,0,0,0
09:36:31,0,0,0,0,86,0,0,0,0
09:36:37,0,0,0,0,82,0,0,0,0
09:36:43,0,0,0,0,78,0,0,0,0
09:36:49,0,0,0,0,80,0,0,0,0
09:36:55,0,0,0,0,86,0,0,0,0
09:37:01,0,0,0,0,82,0,0,0,0
09:37:07,0,0,0,0,86,0,0,0,0
09:37:13,0,0,0,0,86,68,0,0,0
09:37:19,0,79,0,0,79,66,0,0,0
09:37:25,0,79,0,0,82,66,0,0,0
09:37:31,0,81,0,0,82,65,0,0,0
09:37:38,0,81,0,0,86,70,0,0,0
09:37:44,0,0,0,0,0,69,0,0,0
09:37:50,0,0,0,0,82,66,0,0,0
09:37:56,0,0,0,0,82,68,0,0,0
09:38:02,0,20,0,0,84,68,0,0,0
09:38:08,0,79,0,0,84,69,0,0,0
09:38:14,0,79,0,0,84,69,0,0,0
09:38:20,0,59,0,0,88,68,0,0,0
09:38:26,0,80,0,0,84,70,0,0,0
09:38:32,0,80,0,0,80,73,0,0,0
09:38:38,0,81,0,0,82,68,0,0,0
09:38:44,0,80,0,0,86,68,0,0,0
09:39:00,0,82,0,0,84,0,0,0,0
09:39:06,0,0,0,0,82,0,0,0,0
09:39:12,0,20,0,0,73,0,0,0,0
09:39:18,0,81,0,0,84,0,0,0,0
09:39:24,0,83,0,0,80,0,0,0,0
09:39:30,0,81,0,0,84,0,0,0,0
09:39:37,0,83,0,0,84,0,0,0,0
09:39:43,0,81,0,0,77,0,0,0,0
09:39:49,0,81,0,0,82,0,0,0,0
09:39:55,0,81,0,0,82,0,0,0,0
09:40:01,0,83,0,0,84,0,0,0,0
09:40:07,0,83,0,0,78,0,0,0,0
09:40:13,0,67,0,0,86,0,0,0,0
09:40:19,0,79,0,0,86,0,0,0,0
09:40:26,0,0,0,0,80,0,0,0,0
09:40:32,0,0,0,0,0,0,0,0,0
09:40:38,0,0,0,0,80,0,0,0,0
09:40:44,0,0,0,0,20,0,0,0,0
09:40:50,0,0,0,0,80,0,0,0,0
09:40:56,0,0,0,0,75,0,0,0,0
09:41:02,0,0,0,0,80,0,0,0,0
09:41:09,0,0,0,0,78,0,0,0,0
09:41:15,0,0,0,0,0,0,0,0,0
09:41:21,0,0,0,0,82,0,0,0,0
09:41:27,0,0,0,0,84,0,0,0,0
09:41:33,0,0,0,0,77,0,0,0,0
09:41:39,0,0,0,0,82,0,0,0,0
09:41:55,0,0,0,0,82,0,0,0,0
09:42:01,0,0,0,0,61,0,0,0,0
09:42:07,0,0,0,0,82,0,0,0,0
09:42:13,0,0,0,0,82,0,0,0,0
09:42:19,0,0,0,0,84,0,0,0,0
09:42:25,0,0,0,0,82,0,0,0,0
09:42:31,0,0,0,0,72,0,0,0,0
09:42:38,0,0,0,0,48,0,0,0,0
09:42:44,0,0,0,0,77,0,0,0,0
09:42:50,0,0,0,0,78,0,0,0,0
09:42:56,0,0,0,0,0,0,0,0,0
09:43:02,0,57,0,0,80,0,0,0,0
09:43:08,0,79,0,0,82,0,0,0,0
09:43:14,0,81,0,0,86,20,0,0,0
09:43:20,0,71,0,0,77,0,0,0,0
09:43:26,0,0,0,0,67,0,0,0,0
09:43:32,0,0,0,0,82,20,0,0,0
09:43:38,0,20,0,0,80,66,0,0,0
09:43:44,0,20,0,0,86,69,0,0,0
09:43:50,0,79,0,0,82,68,0,0,0
09:43:56,0,81,0,0,85,68,0,0,0
09:44:02,0,79,0,0,88,69,0,0,0
09:44:08,0,80,0,0,78,69,0,0,0
09:44:14,0,80,0,0,86,70,0,0,0
09:44:20,0,81,0,0,84,69,0,0,0
09:44:36,0,80,0,0,84,0,0,0,0
09:44:42,0,0,0,0,82,0,0,0,0
09:44:48,0,0,0,0,84,0,0,0,0
09:44:55,0,0,0,0,84,69,0,0,0
09:45:01,0,0,0,0,78,69,0,0,0
09:45:07,0,0,0,0,89,68,0,0,0
09:45:13,0,0,0,0,82,72,0,0,0
09:45:19,0,0,0,0,85,69,0,0,0
09:45:25,0,0,0,0,86,72,0,0,0
09:45:31,0,0,0,0,78,0,0,0,0
09:45:37,0,0,0,0,0,0,0,0,0
09:45:43,0,0,0,0,84,0,0,0,0
09:45:50,0,0,0,0,80,0,0,0,0
09:45:56,0,0,0,0,80,0,0,0,0
09:46:02,0,0,0,0,75,0,0,0,0
09:46:08,0,0,0,0,82,0,0,0,0
09:46:24,0,20,0,0,84,0,0,0,0
09:46:30,0,76,0,0,20,0,0,0,0
09:46:36,0,0,0,0,27,0,0,0,0
09:46:42,0,0,0,0,80,0,0,0,0
09:46:48,0,0,0,0,82,0,0,0,0
09:46:54,0,0,0,0,82,0,0,0,0
09:47:00,0,0,0,0,84,0,0,0,0
09:47:06,0,0,0,0,86,0,0,0,0
09:47:12,0,0,0,0,84,0,0,0,0
09:47:19,0,0,0,0,86,0,0,0,0
09:47:25,0,0,0,0,0,0,0,0,0
09:47:31,0,0,0,0,0,0,0,0,0
09:47:37,0,0,0,0,0,0,0,0,0
09:47:43,0,0,0,0,0,0,0,0,0
09:47:49,0,0,0,0,0,68,0,0,0
09:47:55,0,0,0,0,0,69,0,0,0
09:48:01,0,0,0,0,0,68,0,0,0
09:48:08,0,0,0,0,0,68,0,0,0
09:48:14,0,0,0,0,0,70,0,0,0
09:48:20,0,0,0,0,0,69,0,0,0
09:48:26,0,0,0,0,0,68,0,0,0
09:48:32,0,0,0,0,0,70,0,0,0
09:48:38,0,0,0,0,0,68,0,0,0
09:48:44,0,0,0,0,0,68,0,0,0
09:48:50,0,0,0,0,0,72,0,0,0
09:48:56,0,0,0,0,0,69,0,0,0
09:49:03,0,0,0,0,0,70,0,0,0
09:49:09,0,0,0,0,0,69,0,0,0
09:49:15,0,72,0,0,0,69,0,0,0
09:49:21,0,85,0,0,0,0,0,0,0
09:49:27,0,83,0,0,0,0,0,0,0
09:49:33,0,81,0,0,0,0,0,0,0
09:49:40,0,80,0,0,0,0,0,0,0
09:49:46,0,82,0,0,0,0,0,0,0
09:49:52,0,0,0,0,0,0,0,0,55
09:49:58,0,0,0,0,0,0,0,0,53
09:50:05,0,0,0,0,0,0,0,0,51
09:50:11,0,0,0,0,0,0,0,0,54
09:50:17,0,0,0,0,0,0,0,0,53
09:50:23,0,0,0,0,0,0,0,0,54
09:50:29,0,0,0,0,0,0,0,0,54
09:50:35,0,0,0,0,0,0,0,0,54
09:50:41,0,0,0,0,0,0,0,0,0
09:50:47,0,0,0,0,0,0,0,0,0
09:50:53,0,0,0,0,0,0,0,0,20
09:51:00,0,0,0,0,0,0,0,0,0
09:51:06,0,0,0,0,0,0,0,0,0
09:51:12,0,0,0,0,0,0,0,0,0
09:51:18,0,0,0,0,0,0,0,0,0
09:51:24,0,0,0,0,0,0,0,0,0
09:51:30,0,0,0,0,0,0,0,0,0
09:51:36,0,0,0,0,0,0,0,0,0
09:51:42,0,79,0,0,0,0,0,0,0
09:51:48,0,79,0,0,0,0,0,0,0
09:51:55,0,81,0,0,0,0,0,0,0
09:52:01,0,74,0,0,0,0,0,0,0
09:52:07,0,20,0,0,0,0,0,0,0
09:52:13,0,79,0,0,0,0,0,0,0
09:52:19,0,81,0,0,0,0,0,0,53
09:52:25,0,75,0,0,0,0,0,0,54
09:52:31,0,0,0,0,0,0,0,0,53
09:52:38,0,0,0,0,0,0,0,0,50
09:52:44,0,0,0,0,0,0,0,0,51
09:52:50,0,0,0,0,0,0,0,0,54
09:52:56,0,0,0,0,0,0,0,0,54
09:53:02,0,0,0,0,0,0,0,0,54
09:53:08,0,0,0,0,0,0,0,0,54
09:53:14,0,0,0,0,0,0,0,0,53
09:53:21,0,0,0,0,0,0,0,0,52
09:53:27,0,0,0,0,0,0,0,0,55
09:53:33,0,0,0,0,0,0,0,0,54
09:53:39,0,0,0,0,0,0,0,0,54
09:53:45,0,20,0,0,0,0,0,0,54
09:53:51,0,79,0,0,86,0,0,0,56
09:53:57,0,79,0,0,84,0,0,0,0
09:54:04,0,79,0,0,86,68,0,0,54
09:54:10,0,81,0,0,86,69,0,0,54
09:54:16,0,82,0,0,88,69,0,0,0
09:54:22,0,81,0,0,0,69,0,0,20
09:54:28,0,79,0,0,54,71,0,0,55
09:54:34,0,78,0,0,88,69,0,0,53
09:54:40,0,54,0,0,0,69,0,0,0
09:54:46,0,0,0,0,78,68,0,0,54
09:54:52,0,0,0,0,86,69,0,0,54
09:54:58,0,0,0,0,84,71,0,0,53
09:55:05,0,0,0,0,82,70,0,0,0
09:55:11,0,0,0,0,0,69,0,0,54
09:55:17,0,0,0,0,0,72,0,0,50
09:55:23,0,0,0,0,77,69,0,0,55
09:55:29,0,0,0,0,0,72,0,0,56
09:55:35,0,0,0,0,86,69,0,0,55
09:55:42,0,0,0,0,88,0,0,0,55
09:55:48,0,0,0,0,73,0,0,0,55
09:55:54,0,0,0,0,80,0,0,0,55
09:56:00,0,0,0,0,80,0,0,0,56
09:56:06,0,0,0,0,88,0,0,0,52
09:56:12,0,0,0,0,86,0,0,0,52
09:56:18,0,0,0,0,86,0,0,0,50
09:56:24,0,0,0,0,84,0,0,0,55
09:56:31,0,0,0,0,75,0,0,0,54
09:56:37,0,0,0,0,38,0,0,0,52
09:56:43,0,0,0,0,80,0,0,0,54
09:56:49,0,0,0,0,84,0,0,0,0
09:56:55,0,0,0,0,88,0,0,0,53
09:57:01,0,0,0,0,67,0,0,0,55
09:57:07,0,0,0,0,38,0,0,0,55
09:57:13,0,0,0,0,80,0,0,0,53
09:57:19,0,0,0,0,39,0,0,0,55
09:57:26,0,0,0,0,80,0,0,0,54
09:57:34,0,0,0,0,35,0,0,0,55
09:57:40,0,0,0,0,77,0,0,0,0
09:57:46,0,0,0,0,58,0,0,0,54
09:57:52,0,0,0,0,82,0,0,0,54
09:57:58,0,0,0,0,82,20,0,0,53
09:58:04,0,0,0,0,82,0,0,0,54
09:58:10,0,0,0,0,84,70,0,0,55
09:58:17,0,0,0,0,84,69,0,0,55
09:58:23,0,0,0,0,86,70,0,0,54
09:58:29,0,0,0,0,86,69,0,0,53
09:58:35,0,0,0,0,61,69,0,0,20
09:58:41,0,0,0,0,82,69,0,0,54
09:58:47,0,0,0,0,78,69,0,0,55
09:58:53,0,0,0,0,88,73,0,0,54
09:59:00,0,0,0,0,86,70,0,0,49
09:59:06,0,0,0,0,86,69,0,0,53
09:59:12,0,0,0,0,61,67,0,0,55
09:59:18,0,0,0,0,82,70,0,0,55
09:59:24,0,0,0,0,82,72,0,0,0
09:59:30,0,0,0,0,84,69,0,0,55
09:59:36,0,0,0,0,84,69,0,0,54
09:59:42,0,0,0,0,84,0,0,0,54
09:59:49,0,0,0,0,79,70,0,0,54
09:59:55,0,0,0,0,84,65,0,0,55
10:00:01,0,0,0,0,84,70,0,0,55
10:00:07,0,0,0,0,86,69,0,0,55
10:00:13,0,0,0,0,86,69,0,0,54
10:00:19,0,0,0,0,87,66,0,0,53
10:00:25,0,20,0,0,84,70,0,0,55
10:00:31,0,79,0,0,69,69,0,0,55
10:00:37,0,68,0,0,84,69,0,0,53
10:00:43,0,0,0,0,65,67,0,0,53
10:00:49,0,0,0,0,86,69,0,0,52
10:00:55,0,0,0,0,86,69,0,0,55
10:01:01,0,0,0,0,85,69,0,0,56
10:01:08,0,0,0,0,88,69,0,0,0
10:01:14,0,0,0,0,84,68,0,0,55
10:01:20,0,0,0,0,86,0,0,0,55
10:01:26,0,0,0,0,86,0,0,0,50
10:01:32,0,0,0,0,77,0,0,0,54
10:01:38,0,0,0,0,82,0,0,0,52
10:01:44,0,0,0,0,78,0,0,0,54
10:01:50,0,0,0,0,0,0,0,0,54
10:01:56,0,0,0,0,20,0,0,0,55
10:02:02,0,0,0,0,39,20,0,0,57
10:02:08,0,0,0,0,27,65,0,0,55
10:02:14,0,0,0,0,84,69,0,0,54
10:02:21,0,0,0,0,86,68,0,0,54
10:02:27,0,0,0,0,0,66,0,0,51
10:02:33,0,0,0,0,63,0,0,0,55
10:02:39,0,0,0,0,0,0,0,0,53
10:02:45,0,0,0,0,81,69,0,0,55
10:02:51,0,0,0,0,84,69,0,0,0
10:02:57,0,0,0,0,86,69,0,0,0
10:03:04,0,0,0,0,84,68,0,0,0
10:03:10,0,0,0,0,86,68,0,0,0
10:03:16,0,0,0,0,80,66,0,0,0
10:03:22,0,0,0,0,38,69,0,0,0
10:03:28,0,0,0,0,86,70,0,0,0
10:03:34,0,73,0,0,77,71,0,0,0
10:03:40,0,81,0,0,80,68,0,0,0
10:03:46,0,81,0,0,82,66,0,0,0
10:03:52,0,20,0,0,80,70,0,0,0
10:03:58,0,79,0,0,57,68,0,0,0
10:04:05,0,71,0,0,88,0,0,0,0
10:04:11,0,79,0,0,86,0,0,0,0
10:04:17,0,79,0,0,86,0,0,0,0
10:04:23,0,81,0,0,84,0,0,0,0
10:04:29,0,78,0,0,35,0,0,0,0
10:04:35,0,80,0,0,86,0,0,0,0
10:04:41,0,0,0,0,80,0,0,0,0
10:04:47,0,0,0,0,82,0,0,0,0
10:04:53,0,0,0,0,84,0,0,0,0
10:04:59,0,0,0,0,84,0,0,0,0
10:05:06,0,0,0,0,0,0,0,0,0
10:05:12,0,0,0,0,86,0,0,0,0
10:05:18,0,0,0,0,86,0,0,0,0
10:05:24,0,0,0,0,84,0,0,0,0
10:05:30,0,0,0,0,88,0,0,0,0
10:05:36,0,0,0,0,88,0,0,0,0
10:05:42,0,0,0,0,68,0,0,0,0
10:05:48,0,0,0,0,86,0,0,0,32
10:05:54,0,0,0,0,88,0,0,0,32
10:06:01,0,0,0,0,82,0,0,0,32
10:06:07,0,0,0,0,84,0,0,0,31
10:06:13,0,0,0,0,80,0,0,0,32
10:06:19,0,0,0,0,86,0,0,0,32
10:06:25,0,0,0,0,88,0,0,0,32
10:06:31,0,0,0,0,86,0,0,0,32
10:06:37,0,0,0,0,84,0,0,0,31
10:06:43,0,0,0,0,86,20,0,0,34
10:06:49,0,0,0,0,84,0,0,0,33
10:06:55,0,0,0,0,84,20,0,0,53
10:07:01,0,0,0,0,88,0,0,0,20
10:07:08,0,0,0,0,86,70,0,0,31
10:07:14,0,0,0,0,61,69,0,0,30
10:07:20,0,20,0,0,88,69,0,0,31
10:07:26,0,78,0,0,77,72,0,0,55
10:07:32,0,75,0,0,86,68,0,0,55
10:07:38,0,80,0,0,88,66,0,0,36
10:07:44,0,76,0,0,84,69,0,0,32
10:07:50,0,69,0,0,84,70,0,0,36
10:07:57,0,0,0,0,82,69,0,0,56
10:08:03,0,0,0,0,88,69,0,0,55
10:08:09,0,0,0,0,78,69,0,0,20
10:08:15,0,0,0,0,60,68,0,0,29
10:08:21,0,0,0,0,0,70,0,0,55
10:08:27,0,0,0,0,0,69,0,0,0
10:08:33,0,0,0,0,75,70,0,0,0
10:08:39,0,0,0,0,78,0,0,0,20
10:08:46,0,0,0,0,82,0,0,0,31
10:08:52,0,79,0,0,86,0,0,0,33
10:08:58,0,71,0,0,86,0,0,0,33
10:09:04,0,79,0,0,84,0,0,0,54
10:09:10,0,82,0,0,86,0,0,0,55
10:09:16,0,80,0,0,86,0,0,0,35
10:09:22,0,81,0,0,88,0,0,0,34
10:09:29,0,80,0,0,86,0,0,0,20
10:09:35,0,65,0,0,84,0,0,0,35
10:09:41,0,0,0,0,86,0,0,0,52
10:09:47,0,0,0,0,88,0,0,0,55
10:09:53,0,0,0,0,80,0,0,0,55
10:09:59,0,0,0,0,84,0,0,0,32
10:10:05,0,0,0,0,84,0,0,0,33
10:10:11,0,0,0,0,84,0,0,0,54
10:10:17,0,0,0,0,84,0,0,0,55
10:10:24,0,0,0,0,82,0,0,0,0
10:10:30,0,0,0,0,77,0,0,0,29
10:10:36,0,0,0,0,84,0,0,0,55
10:10:42,0,0,0,0,84,0,0,0,54
10:10:48,0,75,0,0,82,0,0,0,54
10:10:54,0,80,0,0,80,0,0,0,31
10:11:00,0,79,0,0,90,0,0,0,33
10:11:06,0,78,0,0,86,0,0,0,55
10:11:13,0,81,0,0,82,0,0,0,54
10:11:19,0,79,0,0,84,0,0,0,55
10:11:25,0,82,0,0,86,0,0,0,0
10:11:31,0,0,0,0,86,0,0,0,31
10:11:37,0,0,0,0,82,0,0,0,55
10:11:43,0,0,0,0,69,0,0,0,56
10:11:49,0,0,0,0,86,0,0,0,55
10:11:55,0,20,0,0,88,0,0,0,54
10:12:01,0,77,0,0,36,0,0,0,55
10:12:08,0,81,0,0,86,0,0,0,55
10:12:14,0,0,0,0,84,0,0,0,48
10:12:20,0,0,0,0,82,0,0,0,0
10:12:26,0,0,0,0,44,0,0,0,31
10:12:32,0,0,0,0,78,0,0,0,31
10:12:38,0,0,0,0,82,0,0,0,32
10:12:44,0,0,0,0,86,0,0,0,55
10:12:50,0,0,0,0,77,0,0,0,53
10:12:56,0,0,0,0,80,0,0,0,52
10:13:03,0,0,0,0,86,0,0,0,51
10:13:09,0,0,0,0,84,0,0,0,54
10:13:15,0,0,0,0,0,0,0,0,0
10:13:21,0,0,0,0,0,0,0,0,27
10:13:27,0,0,0,0,0,0,0,0,29
10:13:33,0,0,0,0,0,0,0,0,30
10:13:39,0,0,0,0,0,0,0,0,55
10:13:45,0,0,0,0,0,0,0,0,54
10:13:51,0,0,0,0,0,0,0,0,55
10:13:58,0,0,0,0,84,0,0,0,55
10:14:04,0,0,0,0,86,0,0,0,48
10:14:10,0,0,0,0,77,0,0,0,55
10:14:16,0,0,0,0,82,0,0,0,0
10:14:22,0,0,0,0,84,0,0,0,0
10:14:28,0,0,0,0,88,0,0,0,0
10:14:34,0,0,0,0,78,0,0,0,0
10:14:40,0,0,0,0,84,0,0,0,0
10:14:47,0,0,0,0,86,0,0,0,20
10:14:53,0,0,0,0,0,0,0,0,30
10:14:59,0,77,0,0,0,0,0,0,32
10:15:05,0,0,0,0,0,0,0,0,26
10:15:11,91,0,0,0,0,0,0,0,54
10:15:17,35,71,0,0,0,0,0,0,55
10:15:23,81,82,0,0,0,0,0,0,35
10:15:29,104,75,0,0,0,0,0,0,32
10:15:35,104,75,0,0,0,0,0,0,31
10:15:41,108,82,0,0,0,0,0,0,55
10:15:48,0,80,0,0,0,0,0,0,0
10:15:54,0,82,0,0,0,0,0,0,0
10:16:00,0,80,0,0,0,0,0,0,0
10:16:06,0,80,0,0,0,0,0,0,0
10:16:12,0,81,0,0,0,0,0,0,0
10:16:18,0,82,0,0,0,0,0,0,0
10:16:24,0,81,0,0,0,0,0,0,0
10:16:30,0,82,0,0,0,0,0,0,22
10:16:37,0,83,0,0,0,0,0,0,0
10:16:43,0,83,0,0,0,0,0,0,20
10:16:49,0,0,0,0,0,0,0,0,32
10:16:55,0,20,0,0,0,0,0,0,54
10:17:01,0,81,0,0,0,0,0,0,54
10:17:07,0,77,0,0,0,0,0,0,32
10:17:13,0,81,0,0,0,0,0,0,52
10:17:19,0,80,0,0,0,0,0,0,55
10:17:25,0,76,0,0,0,0,0,0,33
10:17:31,0,81,0,0,0,0,0,0,31
10:17:37,0,81,0,0,0,0,0,0,20
10:17:43,0,82,0,0,0,0,0,0,30
10:17:49,0,81,0,0,0,0,0,0,0
10:17:56,0,81,0,0,84,69,0,0,28
10:18:02,0,0,0,0,69,0,0,0,55
10:18:08,0,0,0,0,86,70,0,0,50
10:18:14,0,0,0,0,82,69,0,0,52
10:18:20,0,0,0,0,84,68,0,0,32
10:18:26,0,0,0,0,73,66,0,0,33
10:18:32,0,0,0,0,84,70,0,0,53
10:18:38,0,0,0,0,88,70,0,0,55
10:18:44,0,0,0,0,86,68,0,0,53
10:18:50,0,0,0,0,89,70,0,0,0
10:18:56,0,0,0,0,65,68,0,0,30
10:19:02,0,0,0,0,84,70,0,0,0
10:19:09,0,0,0,0,71,69,0,0,21
10:19:15,0,0,0,0,0,70,0,0,55
10:19:21,0,0,0,0,84,72,0,0,54
10:19:27,0,0,0,0,82,72,0,0,55
10:19:33,0,0,0,0,82,0,0,0,36
10:19:39,0,80,0,0,88,0,0,0,55
10:19:45,0,80,0,0,78,20,0,0,55
10:19:51,0,80,0,0,84,71,0,0,54
10:19:57,0,78,0,0,88,68,0,0,0
10:20:04,0,81,0,0,82,71,0,0,0
10:20:10,0,0,0,0,82,69,0,0,0
10:20:16,0,0,0,0,84,72,0,0,0
10:20:22,0,0,0,0,73,70,0,0,0
10:20:28,0,0,0,0,72,68,0,0,0
10:20:34,0,0,0,0,82,68,0,0,0
10:20:40,0,0,0,0,0,66,0,0,0
10:20:47,0,0,0,0,0,70,0,0,21
10:20:53,0,0,0,0,0,67,0,0,26
10:20:59,0,0,0,0,0,73,0,0,36
10:21:05,0,0,0,0,0,68,0,0,55
10:21:11,0,0,0,0,0,68,0,0,35
10:21:17,0,0,0,0,0,71,0,0,33
10:21:23,0,77,0,0,0,71,0,0,54
10:21:30,0,83,0,0,82,0,0,0,55
10:21:36,0,81,0,0,0,0,0,0,55
10:21:42,0,81,0,0,77,0,0,0,32
10:21:48,0,81,0,0,80,0,0,0,0
10:21:54,0,81,0,0,78,0,0,0,29
10:22:00,0,81,0,0,86,0,0,0,55
10:22:06,0,0,0,0,82,0,0,0,54
10:22:12,0,0,0,0,80,66,0,0,31
10:22:19,0,0,0,0,71,69,0,0,56
10:22:25,0,0,0,0,67,67,0,0,53
10:22:31,0,0,0,0,71,68,0,0,29
10:22:37,0,0,0,0,36,69,0,0,53
10:22:43,0,77,0,0,0,66,0,0,55
10:22:49,0,0,0,0,0,70,0,0,20
10:22:55,0,0,0,0,0,69,0,0,0
10:23:01,0,79,0,0,0,70,0,0,0
10:23:07,0,71,0,0,0,67,0,0,0
10:23:14,0,80,0,0,0,68,0,0,20
10:23:20,0,82,0,0,0,72,0,0,31
10:23:26,0,81,0,0,0,70,0,0,54
10:23:32,0,81,0,0,0,71,0,0,54
10:23:38,0,82,0,0,0,70,0,0,33
10:23:44,0,76,0,0,0,0,0,0,51
10:23:50,0,83,0,0,0,0,0,0,56
10:23:56,0,67,0,0,0,0,0,0,53
10:24:02,0,83,0,0,0,0,0,0,0
10:24:09,0,81,0,0,0,0,0,0,21
10:24:15,0,0,0,0,0,0,0,0,0
10:24:21,0,80,0,0,0,0,0,0,20
10:24:27,0,82,0,0,0,0,0,0,54
10:24:33,0,82,0,0,0,0,0,0,52
10:24:39,0,63,0,0,0,68,0,0,32
10:24:45,0,80,0,0,0,70,0,0,56
10:24:51,0,82,0,0,0,68,0,0,54
10:24:58,0,0,0,0,0,0,0,0,50
10:25:04,0,0,0,0,0,0,0,0,32
10:25:10,0,0,0,0,0,70,0,0,20
10:25:16,0,0,0,0,0,68,0,0,27
10:25:22,0,0,0,0,0,69,0,0,55
10:25:29,0,0,0,0,0,70,0,0,20
10:25:35,0,0,0,0,0,68,0,0,55
10:25:41,0,0,0,0,0,69,0,0,0
10:25:47,0,0,0,0,20,72,0,0,27
10:25:54,0,0,0,0,84,67,0,0,53
10:26:00,0,0,0,0,0,68,0,0,54
10:26:06,0,0,0,0,82,67,0,0,55
10:26:12,0,0,0,0,69,67,0,0,52
10:26:18,0,0,0,0,80,70,0,0,50
10:26:24,0,0,0,0,82,68,0,0,55
10:26:30,0,0,0,0,75,0,0,0,0
10:26:36,0,0,0,0,75,0,0,0,29
10:26:43,0,0,0,0,82,0,0,0,54
10:26:49,0,0,0,0,84,0,0,0,55
10:26:55,0,0,0,0,71,0,0,0,53
10:27:01,0,0,0,0,80,0,0,0,33
10:27:07,0,0,0,0,86,0,0,0,53
10:27:13,0,0,0,0,0,0,0,0,53
10:27:19,0,0,0,0,40,0,0,0,33
10:27:25,0,0,0,0,84,0,0,0,54
10:27:32,0,0,0,0,0,0,0,0,0
10:27:38,0,0,0,0,84,0,0,0,0
10:27:44,0,0,0,0,82,0,0,0,0
10:27:50,0,0,0,0,74,0,0,0,0
10:27:56,0,0,0,0,84,0,0,0,0
10:28:02,0,0,0,0,84,0,0,0,0
10:28:09,0,0,0,0,86,0,0,0,0
10:28:15,0,0,0,0,77,0,0,0,0
10:28:21,0,0,0,0,80,0,0,0,0
10:28:27,0,0,0,0,80,0,0,0,0
10:28:34,0,0,0,0,82,0,0,0,0
10:28:40,0,0,0,0,60,0,0,0,0
10:28:46,0,0,0,0,63,66,0,0,0
10:28:52,0,0,0,0,0,71,0,0,0
10:28:58,0,0,0,0,71,73,0,0,0
10:29:04,0,0,0,0,74,72,0,0,0
10:29:10,0,0,0,0,0,70,0,0,0
10:29:16,0,0,0,0,25,69,0,0,0
10:29:22,0,0,0,0,71,73,0,0,0
10:29:28,0,0,0,0,67,71,0,0,0
10:29:34,0,0,0,0,20,67,0,0,0
10:29:40,0,0,0,0,0,73,0,0,0
10:29:46,0,0,0,0,0,69,0,0,0
10:29:52,0,0,0,0,0,72,0,0,0
10:29:58,0,0,0,0,0,72,0,0,0
10:30:05,0,0,0,0,84,65,0,0,0
10:30:11,0,0,0,0,82,69,0,0,0
10:30:17,0,0,0,0,80,0,0,0,0
10:30:23,0,0,0,0,0,0,0,0,0
10:30:29,0,0,0,0,0,0,0,0,0
10:30:35,0,0,0,0,0,0,0,0,0
10:30:41,0,0,0,0,0,0,0,0,0
10:30:47,0,0,0,0,0,0,0,0,0
10:30:53,0,0,0,0,0,0,0,0,0
10:30:59,0,0,0,0,0,0,0,0,0
10:31:06,0,0,0,0,0,0,0,0,0
10:31:12,0,0,0,0,0,0,0,0,0
10:31:18,0,0,0,0,82,0,0,0,0
10:31:24,0,0,0,0,78,0,0,0,0
10:31:30,0,0,0,0,0,0,0,0,0
10:31:36,0,0,0,0,0,0,0,0,0
10:31:42,0,0,0,0,0,0,0,0,0
10:31:48,0,0,0,0,82,0,0,0,0
10:31:55,0,0,0,0,75,0,0,0,0
10:32:01,0,0,0,0,61,0,0,0,0
10:32:07,0,0,0,0,84,0,0,0,0
10:32:13,0,0,0,0,86,0,0,0,0
10:32:19,0,0,0,0,84,68,0,0,0
10:32:25,0,0,0,0,84,70,0,0,0
10:32:31,0,0,0,0,88,69,0,0,0
10:32:37,0,0,0,0,55,68,0,0,0
10:32:44,0,0,0,0,0,69,0,0,0
10:32:50,0,0,0,0,0,69,0,0,0
10:32:56,0,0,0,0,0,69,0,0,0
10:33:03,0,0,0,0,0,70,0,0,0
10:33:09,0,0,0,0,0,68,0,0,0
10:33:15,0,0,0,0,0,70,0,0,0
10:33:21,0,0,0,0,0,70,0,0,0
10:33:27,0,0,0,0,0,72,0,0,0
10:33:33,0,0,0,0,0,69,0,0,0
10:33:39,0,0,0,0,0,70,0,0,0
10:33:45,0,0,0,0,0,73,0,0,0
10:33:51,0,0,0,0,0,0,0,0,0
10:33:57,0,0,0,0,0,20,0,0,0
10:34:03,0,0,0,0,0,0,0,0,0
10:34:10,0,0,0,0,0,0,0,0,0
10:34:16,0,0,0,0,0,70,0,0,0
10:34:22,0,0,0,0,0,68,0,0,0
10:34:28,0,0,0,0,0,0,0,0,0
10:34:34,0,0,0,0,0,0,0,0,0
10:34:40,0,0,0,0,0,20,0,0,0
10:34:46,0,0,0,0,0,66,0,0,20
10:34:52,0,0,0,0,0,69,0,0,32
10:34:58,0,0,0,0,0,66,0,0,54
10:35:04,0,0,0,0,0,69,0,0,55
10:35:10,0,0,0,0,0,71,0,0,31
10:35:16,0,0,0,0,0,69,0,0,33
10:35:22,0,0,0,0,0,0,0,0,49
10:35:28,0,0,0,0,0,0,0,0,55
10:35:34,0,0,0,0,0,0,0,0,54
10:35:40,0,0,0,0,0,0,0,0,0
10:35:46,0,0,0,0,0,0,0,0,20
10:35:53,0,0,0,0,0,68,0,0,20
10:35:59,0,0,0,0,0,68,0,0,29
10:36:05,0,0,0,0,0,70,0,0,53
10:36:11,0,0,0,0,0,69,0,0,54
10:36:17,0,0,0,0,0,68,0,0,0
10:36:23,0,0,0,0,0,68,0,0,0
10:36:29,0,0,0,0,0,68,0,0,0
10:36:35,0,0,0,0,0,70,0,0,0
10:36:41,0,0,0,0,0,0,0,0,0
10:36:48,0,0,0,0,0,0,0,0,0
10:36:54,0,0,0,0,0,0,0,0,0
10:37:00,0,0,0,0,0,0,0,0,0
10:37:06,0,0,0,0,0,0,0,0,20
10:37:12,0,0,0,0,0,0,0,0,30
10:37:18,0,0,0,0,0,0,0,0,55
10:37:24,0,0,0,0,0,0,0,0,54
10:37:30,0,0,0,0,0,0,0,0,54
10:37:36,0,0,0,0,0,0,0,0,29
10:37:42,0,0,0,0,0,0,0,0,0
10:37:49,0,0,0,0,0,0,0,0,0
10:37:55,0,0,0,0,0,0,0,0,0
10:38:01,0,0,0,0,0,0,0,0,30
10:38:07,0,0,0,0,0,0,0,0,53
10:38:13,0,0,0,0,0,0,0,0,54
10:38:19,0,0,0,0,0,0,0,0,54
10:38:25,0,0,0,0,0,20,0,0,31
10:38:32,0,0,0,0,0,70,0,0,37
10:38:38,0,0,0,0,0,69,0,0,55
10:38:44,0,0,0,0,0,71,0,0,50
10:38:50,0,0,0,0,0,66,0,0,0
10:39:06,0,0,0,0,0,71,0,0,0
10:39:12,0,0,0,0,0,70,0,0,0
10:39:18,0,0,0,0,0,68,0,0,0
10:39:24,0,0,0,0,0,70,0,0,0
10:39:30,0,0,0,0,0,69,0,0,0
10:39:36,0,0,0,0,0,70,0,0,0
10:39:43,0,0,0,0,0,72,0,0,0
10:39:49,0,0,0,0,0,70,0,0,0
10:39:55,0,0,0,0,0,69,0,0,0
10:40:01,0,0,0,0,0,74,0,0,0
10:40:07,0,0,0,0,0,69,0,0,0
10:40:13,0,0,0,0,0,0,0,0,0
10:40:20,0,0,0,0,0,0,0,0,0
10:40:26,0,0,0,0,0,0,0,0,0
10:40:32,0,0,0,0,0,20,0,0,0
10:40:38,0,0,0,0,0,0,0,0,0
10:40:44,0,0,0,0,0,0,0,0,0
10:40:51,0,0,0,0,0,0,0,0,0
10:40:57,0,0,0,0,0,0,0,0,0
10:41:03,0,0,0,0,0,0,0,0,0
10:41:09,0,0,0,0,0,0,0,0,0
10:41:15,0,0,0,0,0,0,0,0,0
10:41:21,0,0,0,0,0,0,0,0,0
10:41:27,0,0,0,0,0,0,0,0,0
10:41:34,0,0,0,0,0,0,0,0,0
10:41:40,0,0,0,0,0,0,0,0,0
10:41:46,0,0,0,0,0,0,0,0,0
10:41:52,0,0,0,0,0,0,0,0,0
10:41:58,0,0,0,0,0,0,0,0,0
10:42:04,0,0,0,0,82,0,0,0,0
10:42:11,0,0,0,0,78,0,0,0,20
10:42:17,0,0,0,0,82,0,0,0,31
10:42:23,0,0,0,0,84,0,0,0,31
10:42:29,0,0,0,0,36,0,0,0,53
10:42:35,0,0,0,0,84,0,0,0,55
10:42:41,0,0,0,0,77,0,0,0,27
10:42:48,0,0,0,0,79,0,0,0,32
10:42:54,0,0,0,0,78,0,0,0,56
10:43:00,0,0,0,0,82,0,0,0,53
10:43:06,0,0,0,0,0,0,0,0,55
10:43:12,0,0,0,0,20,0,0,0,20
10:43:18,0,0,0,0,90,0,0,0,30
10:43:24,0,0,0,0,82,66,0,0,0
10:43:31,0,0,0,0,80,68,0,0,20
10:43:37,0,0,0,0,30,69,0,0,0
10:43:43,51,0,0,0,0,69,0,0,30
10:43:49,43,0,0,0,84,70,0,0,55
10:43:55,94,0,0,0,86,69,0,0,0
10:44:01,102,0,0,0,78,72,0,0,20
10:44:07,0,0,0,0,82,66,0,0,0
10:44:14,0,0,0,0,82,67,0,0,55
10:44:20,0,0,0,0,84,69,0,0,55
10:44:26,0,0,0,0,0,69,0,0,54
10:44:32,0,0,0,0,78,68,0,0,52
10:44:38,0,0,0,0,82,69,0,0,33
10:44:44,0,0,0,0,86,68,0,0,55
10:44:51,0,0,0,0,71,68,0,0,20
10:44:57,0,0,0,0,82,0,0,0,30
10:45:03,0,0,0,0,0,0,0,0,55
10:45:09,0,0,0,0,0,0,0,0,56
10:45:15,0,0,0,0,0,0,0,0,54
10:45:21,0,0,0,0,0,0,0,0,41
10:45:27,0,0,0,0,0,0,0,0,36
10:45:34,0,0,0,0,0,0,0,0,55
10:45:40,0,0,0,0,0,0,0,0,49
10:45:46,0,0,0,0,0,0,0,0,0
10:45:52,0,0,0,0,0,0,0,0,20
10:45:58,0,0,0,0,0,0,0,0,0
10:46:05,23,0,0,0,0,24,0,0,0
10:46:11,0,0,0,0,0,65,0,0,0
10:46:17,0,0,0,0,0,68,0,0,0
10:46:23,0,0,0,0,0,72,0,0,0
10:46:29,0,0,0,0,0,72,0,0,0
10:46:35,0,0,0,0,0,70,0,0,0
10:46:41,0,0,0,0,0,68,0,0,0
10:46:48,0,0,0,0,0,70,0,0,0
10:46:54,0,0,0,0,0,66,0,0,0
10:47:00,0,0,0,0,0,71,0,0,0
10:47:06,0,0,0,0,78,68,0,0,0
10:47:12,0,0,0,0,53,70,0,0,0
10:47:18,0,0,0,0,88,67,0,0,0
10:47:25,0,0,0,0,82,73,0,0,20
10:47:31,0,0,0,0,88,68,0,0,30
10:47:37,0,0,0,0,86,30,0,0,31
10:47:43,0,0,0,0,84,70,0,0,50
10:47:49,0,0,0,0,20,70,0,0,55
10:47:55,0,0,0,0,80,71,0,0,36
10:48:02,0,0,0,0,84,68,0,0,51
10:48:08,0,0,0,0,86,68,0,0,54
10:48:14,0,0,0,0,0,70,0,0,0
10:48:20,0,0,0,0,0,68,0,0,0
10:48:26,0,0,0,0,0,0,0,0,0
10:48:32,0,0,0,0,0,0,0,0,0
10:48:38,0,0,0,0,0,0,0,0,27
10:48:45,0,0,0,0,0,0,0,0,55
10:48:51,0,0,0,0,0,0,0,0,55
10:48:57,0,0,0,0,0,0,0,0,55
10:49:03,0,0,0,0,0,0,0,0,32
10:49:09,0,0,0,0,0,0,0,0,50
10:49:15,0,0,0,0,0,0,0,0,54
10:49:37,0,0,0,0,0,0,0,0,27
10:49:44,0,0,0,0,0,0,0,0,55
10:49:50,0,0,0,0,0,0,0,0,56
10:49:56,0,0,0,0,0,0,0,0,50
10:50:02,0,0,0,0,0,0,0,0,31
10:50:08,0,0,0,0,0,0,0,0,53
10:50:14,0,0,0,0,0,0,0,0,54
10:50:20,0,0,0,0,0,0,0,0,55
10:50:26,0,0,0,0,0,0,0,0,0
10:50:33,0,0,0,0,0,0,0,0,20
10:50:39,0,0,0,0,0,0,0,0,31
10:50:45,0,0,0,0,0,0,0,0,50
10:51:01,0,0,0,0,0,0,0,0,34
10:51:07,0,0,0,0,0,0,0,0,55
10:51:13,0,0,0,0,0,0,0,0,49
10:51:19,0,0,0,0,0,70,0,0,55
10:51:25,0,0,0,0,0,68,0,0,0
10:51:32,0,0,0,0,0,70,0,0,27
10:51:38,0,0,0,0,0,71,0,0,33
10:51:44,0,0,0,0,0,70,0,0,56
10:51:50,0,0,0,0,0,70,0,0,55
10:51:56,0,0,0,0,0,70,0,0,35
10:52:02,0,0,0,0,0,71,0,0,31
10:52:09,0,77,0,0,0,69,0,0,34
10:52:15,0,81,0,0,0,0,0,0,55
10:52:21,0,80,0,0,0,0,0,0,0
10:52:27,0,58,0,0,0,0,0,0,0
10:52:33,0,81,0,0,0,0,0,0,0
10:52:40,0,79,0,0,0,0,0,0,0
10:52:46,0,83,0,0,0,0,0,0,20
10:52:52,0,81,0,0,0,0,0,0,0
10:52:58,0,81,0,0,0,0,0,0,20
10:53:04,0,81,0,0,0,0,0,0,29
10:53:10,0,79,0,0,0,0,0,0,0
10:53:16,0,80,0,0,0,0,0,0,54
10:53:23,0,81,0,0,0,0,0,0,20
10:53:29,0,82,0,0,0,0,0,0,33
10:53:35,0,83,0,0,0,0,0,0,55
10:53:51,42,82,0,0,0,0,0,0,21
10:53:57,44,83,0,0,0,0,0,0,55
10:54:03,94,81,0,0,0,0,0,0,55
10:54:09,99,51,0,0,0,0,0,0,55
10:54:15,108,82,0,0,0,0,0,0,55
10:54:22,0,81,0,0,0,0,0,0,33
10:54:28,0,81,0,0,0,0,0,0,33
10:54:34,0,81,0,0,0,0,0,0,20
10:54:40,0,81,0,0,0,0,0,0,55
10:54:46,0,81,0,0,0,0,0,0,49
10:54:52,0,81,0,0,0,0,0,0,55
10:54:58,0,83,0,0,0,0,0,0,55
10:55:05,0,81,0,0,0,0,0,0,32
10:55:11,0,83,0,0,0,0,0,0,54
10:55:17,0,82,0,0,0,0,0,0,50
10:55:23,0,83,0,0,0,0,0,0,52
10:55:30,0,82,0,0,0,0,0,0,20
10:55:36,0,76,0,0,0,0,0,0,55
10:55:42,0,82,0,0,0,0,0,0,56
10:55:58,0,81,0,0,0,0,0,0,55
10:56:04,0,80,0,0,0,0,0,0,36
10:56:10,0,83,0,0,0,0,0,0,51
10:56:16,0,81,0,0,0,0,0,0,56
10:56:22,0,82,0,0,0,0,0,0,0
10:56:28,0,83,0,0,0,0,0,0,30
10:56:35,0,83,0,0,0,0,0,0,0
10:56:41,0,0,0,0,0,0,0,0,22
10:56:47,0,81,0,0,0,0,0,0,50
10:57:15,0,81,0,0,0,70,0,0,21
10:57:24,0,81,0,0,0,68,0,0,54
10:57:34,0,84,0,0,0,68,0,0,55
10:57:43,39,0,0,0,0,70,0,0,33
10:57:53,54,0,0,0,0,74,0,0,55
10:58:03,99,0,0,0,0,70,0,0,28
10:58:12,105,0,0,0,0,69,0,0,52
10:58:21,0,0,0,0,0,70,0,0,55
10:58:33,0,0,0,0,0,70,0,0,55
10:58:42,0,0,0,0,0,30,0,0,55
10:58:52,0,0,0,0,0,0,0,0,20
10:59:04,0,0,0,0,0,69,0,0,55
11:00:38,0,0,0,0,0,0,0,0,55
11:00:48,0,0,0,0,0,0,0,0,55
11:01:55,0,0,0,0,84,0,0,0,0
11:02:01,0,0,0,0,78,0,0,0,0
11:02:07,0,0,0,0,82,0,0,0,0
11:02:14,0,0,0,0,71,0,0,0,0
11:02:20,0,0,0,0,86,0,0,0,0
11:02:27,0,0,0,0,72,0,0,0,0
11:02:33,0,0,0,0,82,0,0,0,0
11:02:39,0,0,0,0,82,0,0,0,0
11:02:45,0,0,0,0,84,0,0,0,0
11:02:51,0,0,0,0,82,0,0,0,0
11:02:58,0,80,0,0,86,0,0,0,0
11:03:04,0,80,0,0,77,0,0,0,0
11:03:10,0,81,0,0,80,0,0,0,0
11:03:16,0,20,0,0,78,0,0,0,0
11:03:22,0,80,0,0,0,0,0,0,0
11:03:28,0,81,0,0,63,0,0,0,0
11:03:35,0,81,0,0,84,0,0,0,0
11:03:41,0,81,0,0,86,0,0,0,0
11:03:47,0,79,0,0,77,0,0,0,0
11:03:53,85,56,0,0,0,0,0,0,0
11:03:59,20,0,0,0,71,0,0,0,0
11:04:05,74,0,0,0,80,0,0,0,0
11:04:12,102,0,0,0,82,0,0,0,0
11:04:18,108,0,0,0,80,0,0,0,0
11:04:24,0,0,0,0,0,0,0,0,0
11:04:30,0,0,0,0,84,0,0,0,0
11:04:37,0,0,0,0,82,0,0,0,0
11:04:43,20,0,0,0,82,0,0,0,0
11:04:49,0,0,0,0,88,0,0,0,0
11:04:55,22,0,0,0,84,0,0,0,0
11:05:01,0,0,0,0,86,0,0,0,0
11:05:07,0,0,0,0,82,0,0,0,0
11:05:14,0,0,0,0,78,0,0,0,0
11:05:20,0,0,0,0,78,0,0,0,0
11:05:26,0,0,0,0,69,0,0,0,0
11:05:32,0,0,0,0,80,0,0,0,0
11:05:38,0,0,0,0,0,0,0,0,0
11:05:45,0,0,0,0,90,0,0,0,0
11:05:51,0,0,0,0,80,0,0,0,0
11:05:57,0,0,0,0,80,0,0,0,0
11:06:03,0,0,0,0,86,0,0,0,0
11:06:09,0,0,0,0,82,0,0,0,0
11:06:15,0,0,0,0,77,0,0,0,0
11:06:21,0,0,0,0,73,0,0,0,21
11:06:28,0,0,0,0,20,0,0,0,31
11:06:34,0,0,0,0,69,0,20,0,55
11:06:40,0,0,0,0,82,0,0,0,55
11:06:46,0,0,0,0,73,0,0,0,34
11:06:53,0,0,0,0,80,0,0,0,55
11:06:59,0,0,0,0,75,0,0,0,54
11:07:05,0,0,0,0,33,0,0,0,56
11:07:11,0,0,0,0,75,0,0,0,32
11:07:17,0,0,0,0,78,0,0,0,0
11:07:23,0,0,0,0,84,0,0,0,0
11:07:29,0,0,0,0,73,0,0,0,0
11:07:36,0,0,0,0,86,0,0,0,0
11:07:42,0,0,0,0,82,0,0,0,0
11:07:48,0,0,0,0,78,0,0,0,0
11:07:54,0,0,0,0,80,0,0,0,0
11:08:00,0,0,0,0,75,0,0,0,0
11:08:07,0,0,0,0,38,0,0,0,0
11:08:13,0,0,0,0,0,0,0,0,0
11:08:19,0,0,0,0,80,0,0,0,0
11:08:25,0,0,0,0,64,0,0,0,20
11:08:31,0,0,0,0,0,0,0,0,26
11:08:37,0,0,0,0,0,0,0,0,53
11:08:44,0,0,0,0,0,0,0,0,55
11:08:50,0,0,0,0,0,0,0,0,33
11:08:56,0,0,0,0,0,0,0,0,53
11:09:02,0,0,0,0,0,0,0,0,55
11:09:08,0,0,0,0,0,68,0,0,32
11:09:15,0,0,0,0,0,68,0,0,30
11:09:21,0,0,0,0,80,69,0,0,29
11:09:27,0,0,0,0,84,69,0,0,0
11:09:33,0,0,0,0,0,66,0,0,0
11:09:40,0,0,0,0,0,69,0,0,0
11:09:46,0,0,0,0,62,70,0,0,0
11:09:52,0,0,0,0,78,68,0,0,0
11:09:59,0,0,0,0,73,68,0,0,0
11:10:05,0,0,0,0,75,67,0,0,0
11:10:11,0,0,0,0,72,70,0,0,0
11:10:18,0,0,0,0,71,69,0,0,0
11:10:25,0,0,0,0,50,68,0,0,0
11:10:31,0,0,0,0,78,68,0,0,0
11:10:37,0,0,0,0,84,71,0,0,0
11:10:43,0,0,0,0,20,0,0,0,0
11:10:50,0,0,0,0,77,0,0,0,0
11:10:56,0,0,0,0,67,0,0,0,0
11:11:02,0,0,0,0,75,0,0,0,0
11:11:08,0,0,0,0,86,0,0,0,0
11:11:14,0,0,0,0,84,0,0,0,0
11:11:21,0,0,0,0,82,0,0,0,0
11:11:27,0,0,0,0,82,0,0,0,0
11:11:33,0,0,0,0,82,0,0,0,0
11:11:39,0,0,0,0,75,0,0,0,0
11:11:45,0,0,0,0,71,0,0,0,0
11:11:51,0,0,0,0,80,0,0,0,21
11:11:57,0,0,0,0,84,0,0,0,31
11:12:03,0,0,0,0,82,0,0,0,55
11:12:09,0,0,0,0,82,0,0,0,50
11:12:16,0,0,0,0,73,0,0,0,50
11:12:22,0,0,0,0,0,0,0,0,32
11:12:28,0,0,0,0,80,72,0,0,50
11:12:34,0,0,0,0,51,71,0,0,54
11:12:40,0,0,0,0,84,69,0,0,55
11:12:46,0,0,0,0,84,68,0,0,0
11:12:53,0,0,0,0,82,68,0,0,0
11:12:59,0,0,0,0,68,70,0,0,0
11:13:05,0,0,0,0,82,68,0,0,0
11:13:11,0,0,0,0,64,70,0,0,0
11:13:17,0,0,0,0,86,67,0,0,0
11:13:24,0,0,0,0,86,72,0,0,0
11:13:30,0,0,0,0,84,69,0,0,0
11:13:36,0,0,0,0,86,69,0,0,0
11:13:42,0,79,0,0,86,70,0,0,21
11:13:49,0,81,0,0,82,71,0,0,54
11:13:55,0,0,0,0,80,68,0,0,52
11:14:01,41,81,0,0,64,68,0,0,31
11:14:07,33,81,0,0,51,69,0,0,31
11:14:13,87,82,0,0,0,70,0,0,52
11:14:19,102,81,0,0,88,70,0,0,54
11:14:26,108,81,0,0,77,69,0,0,31
11:14:32,108,81,0,0,84,70,0,0,55
11:14:38,0,0,0,0,82,68,0,0,20
11:14:44,0,0,0,0,84,70,0,0,32
11:14:51,0,0,0,0,82,72,0,0,55
11:14:57,0,0,0,0,88,70,0,0,54
11:15:03,0,0,0,0,75,57,0,0,55
11:15:09,0,0,0,0,82,69,0,0,56
11:15:15,0,0,0,0,77,72,0,0,55
11:15:21,0,0,0,0,88,70,0,0,54
11:15:27,0,0,0,0,88,73,0,0,28
11:15:34,0,0,0,0,86,20,0,0,0
11:15:40,0,0,0,0,0,71,0,0,28
11:15:46,0,0,0,0,80,70,0,0,53
11:15:52,0,0,0,0,86,70,0,0,55
11:15:58,0,0,0,0,82,72,0,0,52
11:16:04,0,0,0,0,80,70,0,0,49
11:16:10,0,0,0,0,77,73,0,0,52
11:16:17,0,0,0,0,68,69,0,0,50
11:16:23,0,0,0,0,55,68,0,0,50
11:16:29,0,0,0,0,86,70,0,0,0
11:16:35,0,0,0,0,82,66,0,0,29
11:16:41,0,0,0,0,0,68,0,0,54
11:16:47,0,0,0,0,0,72,0,0,55
11:16:53,0,0,0,0,0,72,20,0,55
11:16:59,0,0,0,0,84,72,0,0,55
11:17:05,0,0,0,0,80,68,0,0,55
11:17:11,0,0,0,0,86,0,0,0,55
11:17:18,0,0,0,0,84,70,0,0,55
11:17:24,0,0,0,0,82,70,0,0,0
11:17:30,0,0,0,0,75,68,0,0,31
11:17:36,0,0,0,0,86,70,0,0,45
11:17:42,0,0,0,0,88,70,0,0,0
11:17:48,0,0,0,0,80,70,0,0,0
11:57:29,0,0,0,0,84,0,0,0,31
11:57:35,0,0,0,0,84,0,0,0,31
11:57:41,0,0,0,0,82,0,0,0,55
11:57:47,0,0,0,0,88,0,0,0,55
11:57:53,0,0,0,0,93,0,0,0,56
11:57:59,20,0,0,0,88,0,0,0,31
11:58:05,36,0,0,0,0,0,0,0,54
11:58:11,40,0,0,0,0,0,0,0,55
11:58:17,89,0,0,0,0,0,0,0,56
11:58:23,99,0,0,0,0,0,0,0,0
11:58:29,105,0,0,0,0,0,0,0,0
11:58:35,102,0,0,0,0,0,0,0,0
11:58:41,104,0,0,0,0,0,0,0,0
11:58:47,105,0,0,0,0,0,0,0,0
11:58:53,105,0,0,0,0,0,0,0,0
11:58:59,108,0,0,0,0,0,0,0,0
11:59:05,102,20,0,0,0,0,0,0,0
11:59:11,105,0,0,0,0,0,0,0,0
11:59:17,102,0,0,0,0,0,0,0,0
11:59:23,108,0,0,0,0,0,0,0,0
11:59:29,0,0,0,0,0,0,0,0,25
11:59:35,0,0,0,0,0,0,0,0,30
11:59:41,0,83,0,0,39,0,0,0,56
11:59:47,0,84,0,0,40,0,0,0,55
11:59:53,0,85,0,0,90,0,0,0,55
11:59:59,0,72,0,0,0,0,0,0,53
12:00:06,0,82,0,0,0,0,0,0,53
12:00:12,0,39,0,0,0,0,0,0,53
12:00:18,0,74,0,0,74,0,0,0,0
12:00:24,0,85,0,0,88,0,0,0,27
12:00:30,0,0,0,0,73,0,0,0,34
12:00:36,0,0,0,0,80,0,0,0,56
12:00:42,0,0,0,0,84,0,0,0,51
12:00:48,0,0,0,0,84,0,0,0,0
12:00:54,0,85,0,0,93,0,0,0,0
12:01:00,0,84,0,0,84,0,0,0,20
12:01:06,0,83,0,0,88,0,0,0,31
12:01:12,0,85,0,0,39,0,0,0,55
12:01:18,0,85,0,0,90,0,0,0,56
12:01:24,0,85,0,0,84,0,0,0,55
12:01:30,0,87,0,0,0,0,0,0,53
12:01:36,0,83,0,0,0,0,0,0,0
12:01:42,0,85,0,0,0,0,0,0,27
12:01:48,0,0,0,0,0,0,0,0,55
12:01:54,0,0,0,0,86,0,0,0,50
12:02:00,0,0,0,0,0,0,0,0,54
12:02:06,0,0,0,0,0,0,0,0,51
12:02:12,0,0,0,0,43,0,0,0,31
12:02:18,0,0,0,0,0,0,0,0,55
12:02:24,0,0,0,0,0,0,0,0,55
12:02:30,0,0,0,0,0,0,0,0,54
12:02:36,0,0,0,0,0,0,0,0,20
12:02:42,0,0,0,0,0,0,0,0,30
12:02:48,0,0,0,0,0,0,0,0,51
12:02:54,0,78,0,0,0,0,0,0,55
12:03:00,0,85,0,0,0,0,0,0,55
12:03:06,0,84,0,0,0,0,0,0,35
12:03:12,0,84,0,0,0,0,0,0,56
12:03:19,0,0,0,0,0,0,0,0,55
12:03:24,0,83,0,0,0,0,0,0,56
12:03:31,0,0,0,0,0,0,0,0,0
12:03:36,0,0,0,0,0,0,0,0,29
12:03:42,0,0,0,0,0,0,0,0,50
12:03:48,0,0,0,0,0,0,0,0,50
12:03:54,0,0,0,0,0,0,0,0,55
12:04:00,0,0,0,0,0,0,0,0,56
12:04:06,0,0,0,0,0,0,20,0,57
12:04:12,0,0,0,0,0,0,0,0,31
12:04:18,0,0,0,0,0,0,0,0,55
12:04:24,0,0,0,0,0,0,20,0,0
12:04:31,0,0,0,0,0,0,71,0,29
12:04:37,0,0,0,0,0,0,0,0,55
12:04:43,0,0,0,0,0,0,0,0,52
12:04:49,0,0,0,0,0,0,0,0,56
12:04:55,0,0,0,0,0,0,78,0,56
12:05:01,0,0,0,0,0,0,69,0,55
12:05:07,0,0,0,0,0,0,62,0,56
12:05:13,0,0,0,0,0,0,0,0,56
12:05:19,0,0,0,0,0,0,0,0,32
12:05:25,0,0,0,0,0,0,0,0,20
12:05:31,0,0,0,0,0,0,0,0,47
12:05:37,0,0,0,0,0,0,0,0,56
12:05:43,0,0,0,0,0,0,0,0,56
12:05:49,0,0,0,0,0,0,0,0,50
12:05:55,0,0,0,0,0,0,0,0,34
12:06:01,0,0,0,0,0,0,0,0,50
12:06:07,0,0,0,0,0,0,0,0,56
12:06:13,0,0,0,0,0,0,0,0,55
12:06:19,0,0,0,0,0,0,0,0,20
12:06:25,0,0,0,0,0,0,0,0,30
12:06:31,0,0,0,0,0,0,0,0,0
12:06:37,0,0,0,0,0,0,0,0,0
12:06:43,0,0,0,0,0,0,0,0,0
12:06:49,0,0,0,0,0,0,0,0,0
12:06:55,0,0,0,0,0,0,0,0,21
12:07:01,0,0,0,0,0,0,0,0,30
12:07:07,0,0,0,0,0,0,0,0,56
12:07:13,0,0,0,0,0,0,0,0,55
12:07:19,0,0,0,0,0,0,0,0,48
12:07:25,0,0,0,0,0,0,0,0,55
12:07:31,0,0,0,0,0,0,0,0,55
12:07:37,0,0,0,0,0,0,0,0,56
12:07:43,0,0,0,0,0,0,0,0,0
12:07:50,0,0,0,0,0,0,0,0,0
12:07:56,0,0,0,0,0,0,0,0,0
12:08:02,0,0,0,0,0,0,0,0,0
12:08:08,0,49,0,0,0,0,0,0,0
12:08:14,0,83,0,0,0,0,0,0,0
12:08:21,0,0,0,0,0,0,0,0,0
12:08:27,0,0,0,0,0,0,0,0,0
12:08:33,0,0,0,0,0,0,0,0,0
12:08:39,0,0,0,0,0,0,0,0,0
12:08:45,0,0,0,0,0,0,0,0,0
12:08:51,0,0,0,0,0,0,0,0,0
12:08:57,0,0,0,0,0,0,0,0,0
12:09:03,0,84,0,0,0,0,0,0,0
12:09:09,0,78,0,0,0,0,0,0,0
12:09:15,0,0,0,0,0,0,0,0,0
12:09:21,0,0,0,0,0,0,0,0,0
12:09:27,0,0,0,0,0,0,0,0,0
12:09:33,0,20,0,0,0,0,0,0,0
12:09:39,0,0,0,0,0,0,0,0,0
12:09:45,0,0,0,0,0,0,0,0,0
12:09:51,0,0,0,0,0,0,0,0,0
12:09:57,0,0,0,0,0,0,0,0,0
12:10:03,0,0,0,0,0,0,0,0,28
12:10:09,0,0,0,0,0,0,0,0,56
12:10:15,0,0,0,0,0,0,0,0,0
12:10:21,0,0,0,0,0,0,0,0,0
12:10:27,0,20,0,0,0,0,0,0,0
12:10:34,0,77,0,0,0,0,0,0,0
12:10:40,0,20,0,0,0,0,0,0,20
12:10:46,0,0,0,0,0,0,0,0,32
12:10:52,0,0,0,0,0,0,20,0,53
12:10:58,0,0,0,0,0,0,0,0,54
12:11:04,0,0,0,0,0,0,20,0,53
12:11:10,0,0,0,0,0,0,64,0,56
12:11:16,0,0,0,0,0,0,0,0,56
12:11:22,0,0,0,0,0,0,0,0,0
12:11:28,0,0,0,0,0,0,0,0,31
12:11:34,0,0,0,0,0,0,0,0,56
12:11:40,0,0,0,0,0,0,76,0,54
12:11:46,0,0,0,0,0,0,74,0,53
12:11:52,0,0,0,0,0,0,0,0,50
12:11:58,0,0,0,0,0,0,0,0,55
12:12:04,0,0,0,0,0,0,0,0,50
12:12:10,0,0,0,0,0,0,0,0,56
12:12:16,0,0,0,0,0,0,0,0,0
12:12:22,0,0,0,0,0,0,0,0,29
12:12:28,0,0,0,0,0,0,0,0,55
12:12:34,0,0,0,0,0,0,0,0,56
12:12:40,0,0,0,0,0,0,0,0,50
12:12:46,0,0,0,0,0,0,0,0,56
12:12:53,0,0,0,0,0,0,0,0,56
12:12:59,0,0,0,0,0,0,0,0,33
12:13:05,0,0,0,0,0,0,0,0,28
12:13:11,0,0,0,0,0,0,0,0,0
12:13:17,0,0,0,0,0,0,0,0,27
12:13:23,0,0,0,0,0,0,0,0,56
12:13:29,0,0,0,0,0,0,0,0,54
12:13:35,0,83,0,0,0,0,0,0,55
12:13:41,0,83,0,0,0,0,0,0,56
12:13:47,0,0,0,0,0,0,0,0,55
12:13:53,0,0,0,0,0,0,0,0,34
12:13:59,0,84,0,0,0,0,0,0,49
12:14:05,0,69,0,0,0,0,0,0,0
12:14:11,0,0,0,0,0,0,0,0,28
12:14:17,0,0,0,0,0,0,0,0,56
12:14:23,0,0,0,0,0,0,0,0,55
12:14:29,0,0,0,0,0,0,0,0,55
12:14:35,0,0,0,0,0,0,0,0,56
12:14:41,0,0,0,0,0,0,0,0,32
12:14:47,89,0,0,0,0,0,0,0,56
12:14:53,43,0,0,0,0,0,0,0,53
12:14:59,99,0,0,0,0,0,0,0,56
12:15:05,105,0,0,0,0,0,0,0,20
12:15:11,104,0,0,0,0,0,0,0,33
12:15:17,105,0,0,0,0,0,0,0,55
12:15:23,104,0,0,0,0,0,0,0,56
12:15:29,104,0,0,0,0,0,0,0,42
12:15:35,105,0,0,0,0,0,0,0,54
12:15:41,104,0,0,0,0,0,0,0,54
12:15:47,105,0,0,0,0,0,0,0,55
12:15:53,99,0,0,0,0,0,0,0,52
12:15:59,108,0,0,0,0,0,0,0,0
12:16:05,104,0,0,0,0,0,0,0,29
12:16:11,102,0,0,0,0,0,0,0,56
12:16:17,108,0,0,0,0,0,0,0,56
12:16:23,101,0,0,0,0,0,0,0,55
12:16:29,0,0,0,0,0,0,0,0,56
12:16:35,0,0,0,0,0,0,0,0,55
12:16:41,0,0,0,0,0,0,0,0,56
12:16:47,0,0,0,0,0,0,0,0,35
12:16:53,0,0,0,0,0,0,0,0,33
12:16:59,0,0,0,0,0,0,0,0,20
12:17:05,0,0,0,0,0,0,0,0,56
12:17:11,0,0,0,0,0,0,0,0,57
12:17:18,0,0,0,0,0,0,0,0,55
12:17:24,0,0,0,0,0,0,0,0,56
12:17:30,0,0,0,0,0,0,0,0,56
12:17:36,0,0,0,0,0,0,0,0,0
12:17:42,0,0,0,0,0,0,0,0,0
12:17:48,0,0,0,0,0,0,0,0,0
12:17:54,0,0,0,0,0,0,0,0,0
12:18:00,0,0,0,0,0,0,0,0,21
12:18:06,0,0,0,0,0,0,0,0,55
12:18:12,0,0,0,0,0,0,0,0,55
12:18:18,0,0,0,0,0,0,0,0,55
12:18:24,0,0,0,0,0,0,20,0,20
12:18:30,0,0,0,0,0,0,66,0,53
12:18:36,0,0,0,0,0,0,74,0,55
12:18:42,0,0,0,0,0,0,74,0,56
12:18:48,0,0,0,0,0,0,0,0,56
12:18:55,20,0,0,0,0,0,0,0,49
12:19:01,0,0,0,0,0,0,0,0,56
12:19:07,0,0,0,0,0,0,0,0,54
12:19:13,0,0,0,0,0,0,0,0,53
12:19:19,0,0,0,0,0,0,0,0,28
12:19:25,0,0,0,0,0,0,0,0,37
12:19:31,0,0,0,0,0,0,0,0,55
12:19:37,0,0,0,0,0,0,0,0,56
12:19:43,0,0,0,0,0,0,0,0,56
12:19:49,0,0,0,0,0,0,0,0,54
12:19:55,91,0,0,0,0,0,0,0,38
12:20:01,43,0,0,0,0,0,0,0,55
12:20:07,91,20,0,0,0,0,0,0,0
12:20:13,105,0,0,0,0,0,0,0,0
12:20:19,108,0,0,0,0,0,0,0,20
12:20:26,108,76,0,0,0,0,0,0,0
12:20:32,108,83,0,0,0,0,0,0,0
12:20:38,105,83,0,0,0,0,0,0,0
12:20:44,105,83,0,0,0,0,0,0,0
12:20:50,108,0,0,0,0,0,0,0,0
12:20:56,108,0,0,0,0,0,0,0,0
12:21:02,102,0,0,0,20,0,0,0,0
12:21:08,105,0,0,0,40,0,0,0,0
12:21:14,105,0,0,0,37,0,0,0,0
12:21:20,102,0,0,0,84,0,0,0,0
12:21:26,108,0,0,0,84,0,0,0,0
12:21:32,105,0,0,0,90,0,0,0,0
12:21:38,102,0,0,0,40,0,0,0,0
12:21:44,108,0,0,0,90,0,0,0,0
12:21:50,102,20,0,0,86,0,0,0,0
12:21:56,104,47,0,0,90,0,0,0,0
12:22:02,111,67,0,0,0,0,0,0,0
12:22:09,102,83,0,0,0,0,0,0,0
12:22:15,108,78,0,0,90,0,0,0,0
12:22:21,108,0,0,0,86,0,0,0,0
12:22:27,99,0,0,0,0,0,0,0,0
12:22:33,99,0,0,0,90,0,0,0,0
12:22:39,108,0,0,0,0,0,0,0,0
12:22:45,99,0,0,0,88,0,0,0,0
12:22:51,99,0,0,0,90,0,0,0,0
12:22:57,105,0,0,0,82,0,0,0,0
12:23:03,102,0,0,0,90,0,0,0,0
12:23:09,105,0,0,0,86,0,0,0,0
12:23:15,104,0,0,0,84,0,0,0,0
12:23:21,99,0,0,0,38,0,0,0,0
12:23:27,105,0,0,0,90,0,0,0,0
12:23:33,105,82,0,0,86,0,0,0,0
12:23:39,102,71,0,0,86,0,0,0,0
12:23:45,0,83,0,0,40,0,0,0,0
12:23:52,0,86,0,0,20,0,0,0,0
12:23:58,0,20,0,0,73,0,0,0,0
12:24:04,20,0,0,0,65,0,0,0,0
12:24:10,20,74,0,0,84,0,0,0,0
12:24:16,0,77,0,0,63,0,0,0,0
12:24:22,0,87,0,0,86,0,0,0,0
12:24:28,0,84,0,0,0,0,0,0,0
12:24:34,0,87,0,0,0,0,0,0,0
12:24:40,0,76,0,0,0,0,0,0,0
12:24:46,0,87,0,0,0,0,0,0,0
12:24:52,0,86,0,0,0,0,0,0,0
12:24:58,0,85,0,0,0,0,0,0,0
12:25:04,0,86,0,0,0,0,0,0,0
12:25:10,0,86,0,0,86,0,0,0,0
12:25:16,0,87,0,0,88,0,0,0,0
12:25:22,0,86,0,0,77,0,0,0,0
12:25:28,0,81,0,0,84,0,0,0,0
12:25:34,0,86,0,0,88,0,0,0,0
12:25:40,0,0,0,0,88,0,0,0,0
12:25:46,0,0,0,0,90,0,0,0,0
12:25:52,0,0,0,0,82,0,0,0,0
12:25:58,0,0,0,0,88,0,0,0,0
12:26:04,0,0,0,0,86,0,0,0,0
12:26:10,0,0,0,0,75,0,0,0,0
12:26:16,0,0,0,0,84,0,0,0,0
12:26:22,0,0,0,0,86,0,0,0,0
12:26:28,0,0,0,0,84,0,0,0,0
12:26:35,0,0,0,0,88,0,0,0,0
12:26:41,0,0,0,0,90,0,0,0,0
12:26:47,0,0,0,0,90,0,0,0,0
12:26:53,0,0,0,0,84,0,0,0,0
12:26:59,0,0,0,0,84,0,0,0,0
12:27:05,0,0,0,0,90,0,0,0,0
12:27:11,0,0,0,0,86,0,0,0,0
12:27:17,0,0,0,0,86,0,0,0,0
12:27:23,0,0,0,0,90,0,0,0,0
12:27:29,0,81,0,0,82,0,0,0,0
12:27:35,0,0,0,0,77,0,0,0,0
12:27:41,0,0,0,0,0,0,0,0,0
12:27:47,87,0,0,0,0,0,0,0,0
12:27:53,0,0,0,0,0,0,0,0,0
12:27:59,62,0,0,0,0,0,0,0,0
12:28:05,102,0,0,0,0,0,0,0,0
12:28:11,105,0,0,0,0,0,0,0,0
12:28:17,108,0,0,0,0,0,0,0,0
12:28:23,0,0,0,0,90,0,0,0,0
12:28:29,0,0,0,0,0,0,0,0,0
12:28:35,0,0,0,0,0,0,0,0,0
12:28:41,0,0,0,0,0,0,0,0,0
12:28:47,0,0,0,0,86,0,0,0,0
12:28:53,0,0,0,0,90,0,0,0,0
12:28:59,0,0,0,0,39,0,0,0,0
12:29:05,0,0,0,0,73,0,0,0,0
12:29:11,0,0,0,0,88,0,0,0,20
12:29:18,0,0,0,0,86,0,0,0,54
12:29:24,0,0,0,0,88,0,0,0,52
12:29:30,0,81,0,0,88,0,0,0,52
12:29:36,0,74,0,0,90,0,0,0,56
12:29:42,0,0,0,0,62,0,0,0,0
12:29:48,20,0,0,0,86,0,0,0,22
12:29:54,0,0,0,0,88,0,0,0,56
12:30:00,0,0,0,0,90,0,0,0,51
12:30:06,0,0,0,0,88,0,0,0,56
12:30:12,0,0,0,0,77,0,0,0,0
12:30:18,89,0,0,0,84,0,0,0,0
12:30:24,55,84,0,0,86,0,0,0,0
12:30:30,96,82,0,0,30,0,0,0,0
12:30:36,102,84,0,0,88,0,0,0,0
12:30:42,102,74,0,0,84,0,0,0,0
12:30:48,0,0,0,0,82,0,0,0,0
12:30:54,0,0,0,0,42,0,0,0,0
12:31:00,0,0,0,0,0,0,0,0,0
12:31:07,0,0,0,0,90,0,0,0,0
12:31:13,0,0,0,0,90,0,0,0,0
12:31:19,0,0,0,0,88,0,0,0,0
12:31:25,0,0,0,0,78,0,0,0,0
12:31:31,0,0,0,0,88,0,0,0,0
12:31:37,0,0,0,0,0,0,0,0,0
12:31:43,0,0,0,0,0,0,0,0,0
12:31:49,0,0,0,0,0,0,0,0,0
12:31:55,0,0,0,0,0,0,0,0,0
12:32:01,0,0,0,0,0,0,0,0,0
12:32:07,0,0,0,0,0,0,0,0,0
12:32:13,0,0,0,0,0,0,0,0,0
12:32:19,0,20,0,0,0,0,0,0,0
12:32:25,34,56,0,0,0,0,0,0,0
12:32:31,45,82,0,0,0,0,0,0,0
12:32:37,99,0,0,0,0,0,0,0,0
12:32:43,102,0,0,0,0,0,0,0,0
12:32:49,108,0,0,0,0,0,0,0,0
12:32:55,102,0,0,0,0,0,0,0,21
12:33:01,105,0,0,0,0,0,0,0,32
12:33:08,105,20,0,0,0,0,0,0,55
12:33:14,104,0,0,0,0,0,0,0,56
12:33:20,108,68,0,0,0,0,0,0,50
12:33:26,105,81,0,0,86,0,0,0,52
12:33:32,102,79,0,0,86,0,0,0,0
12:33:38,105,85,0,0,72,0,0,0,0
12:33:44,104,0,0,0,84,0,0,0,20
12:33:50,0,0,0,0,90,0,0,0,20
12:33:56,0,0,0,0,88,0,0,0,55
12:34:02,0,0,0,0,0,0,0,0,54
12:34:08,0,0,0,0,71,0,0,0,0
12:34:14,0,0,0,0,86,71,0,0,28
12:34:20,0,0,0,0,90,69,0,0,56
12:34:26,0,0,0,0,60,69,0,0,56
12:34:32,20,0,0,0,86,68,74,0,55
12:34:38,41,0,0,0,93,70,73,0,51
12:34:44,20,0,0,0,88,70,74,0,55
12:34:50,27,0,0,0,93,67,0,0,52
12:34:56,66,0,0,0,68,70,0,0,56
12:35:02,89,0,0,0,88,74,0,0,0
12:35:08,105,0,0,0,90,72,0,0,30
12:35:14,102,0,0,0,86,70,0,0,54
12:35:20,0,0,0,0,86,72,0,0,50
12:35:26,0,0,0,0,84,74,0,0,55
12:35:32,0,0,0,0,84,71,0,0,55
12:35:38,0,20,0,0,82,71,0,0,55
12:35:44,0,84,0,0,93,30,0,0,55
12:35:50,0,0,0,0,86,73,0,0,37
12:35:56,0,0,0,0,84,73,0,0,0
12:36:02,0,0,0,0,84,74,0,0,28
12:36:08,0,51,0,0,88,73,0,0,56
12:36:14,0,0,0,0,88,70,0,0,57
12:36:21,0,82,0,0,0,70,0,0,57
12:36:27,0,0,0,0,88,71,0,0,54
12:36:33,0,0,0,0,90,70,0,0,55
12:36:39,0,0,0,0,0,72,0,0,56
12:36:45,0,0,0,0,86,75,0,0,49
12:36:51,0,81,0,0,86,73,0,0,0
12:36:57,0,0,0,0,86,73,0,0,28
12:37:03,0,0,0,0,82,73,0,0,55
12:37:09,0,0,0,0,80,73,0,0,55
12:37:15,0,0,0,0,90,69,0,0,55
12:37:21,0,0,0,0,73,0,0,0,55
12:37:27,0,0,0,0,75,70,0,0,53
12:37:33,0,0,0,0,69,68,0,0,55
12:37:39,0,0,0,0,68,69,0,0,56
12:37:45,0,0,0,0,88,72,0,0,0
12:37:51,0,0,0,0,86,69,0,0,28
12:37:57,0,0,0,0,86,72,0,0,55
12:38:03,0,80,0,0,90,73,0,0,56
12:38:09,0,0,0,0,36,73,0,0,56
12:38:15,0,0,0,0,84,75,0,0,52
12:38:21,0,0,0,0,73,70,0,0,50
12:38:27,0,0,0,0,86,71,0,0,52
12:38:33,0,20,0,0,77,70,20,0,55
12:38:39,0,0,0,0,86,73,71,0,55
12:38:45,0,0,0,0,82,69,68,0,0
12:38:51,0,0,0,0,88,73,73,0,0
12:38:57,0,0,0,0,88,30,67,0,0
12:39:03,0,0,0,0,0,0,0,0,0
12:39:10,0,0,0,0,86,0,0,0,0
12:39:16,0,0,0,0,86,0,0,0,0
12:39:22,0,0,0,0,0,0,0,0,0
12:39:28,0,0,0,0,86,0,0,0,0
12:39:34,0,0,0,0,80,0,0,0,0
12:39:40,0,0,0,0,88,0,0,0,0
12:39:47,0,0,0,0,72,0,0,0,0
12:39:53,0,0,0,0,88,0,0,0,20
12:39:59,0,0,0,0,75,0,0,0,28
12:40:05,0,0,0,0,90,0,0,0,56
12:40:11,0,0,0,0,71,0,0,0,55
12:40:17,0,0,0,0,75,0,0,0,56
12:40:23,0,0,0,0,84,0,0,0,54
12:40:29,0,0,0,0,90,0,0,0,36
12:40:35,0,0,0,0,86,0,0,0,31
12:40:41,0,0,0,0,68,0,0,0,55
12:40:47,0,0,0,0,69,0,0,0,0
12:40:53,0,0,0,0,57,0,0,0,26
12:40:59,0,0,0,0,0,0,0,0,44
12:41:05,0,0,0,0,75,0,0,0,56
12:41:11,0,0,0,0,86,0,0,0,56
12:41:17,0,0,0,0,86,0,0,0,51
12:41:23,0,0,0,0,86,0,0,0,53
12:41:29,0,0,0,0,88,0,0,0,56
12:41:35,0,0,0,0,78,0,0,0,36
12:41:41,0,0,0,0,90,0,0,0,56
12:41:48,0,0,0,0,84,0,0,0,0
12:41:54,0,0,0,0,20,0,0,0,0
12:42:00,0,0,0,0,90,0,0,0,0
12:42:06,0,0,0,0,88,0,0,0,0
12:42:12,0,0,0,0,90,0,0,0,20
12:42:18,0,0,0,0,84,0,0,0,31
12:42:24,0,0,0,0,78,0,0,0,56
12:42:30,0,0,0,0,67,0,0,0,55
12:42:36,0,0,0,0,20,0,0,0,55
12:42:42,0,0,0,0,88,68,0,0,56
12:42:48,0,0,0,0,88,70,0,0,54
12:42:54,0,0,0,0,88,72,0,0,48
12:43:00,0,0,0,0,84,70,0,0,53
12:43:06,0,0,0,0,80,71,0,0,0
12:43:12,0,0,0,0,90,70,0,0,0
12:43:18,0,0,0,0,88,70,0,0,0
12:43:24,0,0,0,0,78,72,0,0,0
12:43:30,0,0,0,0,86,68,0,0,0
12:43:36,0,0,0,0,63,72,0,0,20
12:43:42,0,0,0,0,88,68,0,0,0
12:43:48,0,0,0,0,90,70,0,0,30
12:43:54,0,0,0,0,54,72,0,0,55
12:44:00,0,0,0,0,90,70,0,0,56
12:44:06,0,0,0,0,41,72,0,0,56
12:44:12,0,0,0,0,88,30,0,0,54
12:44:18,0,0,0,0,86,0,0,0,51
12:44:24,0,0,0,0,78,0,0,0,56
12:44:30,0,0,0,0,84,0,0,0,56
12:44:36,0,0,0,0,86,0,0,0,0
12:44:42,0,0,0,0,86,0,0,0,30
12:44:48,0,0,0,0,84,0,0,0,55
12:44:54,0,0,0,0,75,69,0,0,55
12:45:01,0,0,0,0,86,68,0,0,55
12:45:07,0,0,0,0,88,70,0,0,55
12:45:13,0,0,0,0,86,70,0,0,55
12:45:19,0,0,0,0,86,70,0,0,54
12:45:25,0,0,0,0,64,68,0,0,54
12:45:31,0,0,0,0,57,70,0,0,20
12:45:37,0,0,0,0,68,72,0,0,33
12:45:43,0,0,0,0,20,72,0,0,48
12:45:49,0,0,0,0,84,0,0,0,56
12:45:55,0,0,0,0,90,0,0,0,56
12:46:01,0,0,0,0,78,0,0,0,0
12:46:07,0,0,0,0,84,0,0,0,20
12:46:13,0,0,0,0,75,0,0,0,30
12:46:19,0,0,0,0,90,0,0,0,53
12:46:25,0,0,0,0,86,0,0,0,55
12:46:31,0,0,0,0,84,68,0,0,0
12:46:37,39,0,0,0,86,69,0,0,28
12:46:43,23,0,0,0,86,0,0,0,52
12:46:49,52,0,0,0,56,0,0,0,56
12:46:55,79,0,0,0,88,0,0,0,55
12:47:02,99,0,0,0,78,0,0,0,55
12:47:08,108,0,0,0,88,20,0,0,53
12:47:14,0,0,0,0,41,72,0,0,56
12:47:20,0,0,0,0,82,0,0,0,36
12:47:26,0,0,0,0,72,0,0,0,56
12:47:32,0,0,0,0,82,0,0,0,0
12:47:38,0,0,0,0,80,0,0,0,0
12:47:44,0,0,0,0,88,0,0,0,20
12:47:50,41,0,0,0,88,0,0,0,29
12:47:56,0,0,0,0,90,0,0,0,56
12:48:02,0,0,0,0,78,0,0,0,56
12:48:08,0,0,0,0,0,0,0,0,55
12:48:14,0,0,0,0,92,72,0,0,55
12:48:20,0,0,0,0,84,71,0,0,37
12:48:26,0,0,0,0,80,72,0,0,26
12:48:32,0,0,0,0,84,0,0,0,55
12:48:39,0,0,0,0,20,0,0,0,56
12:48:45,0,0,0,0,82,0,0,0,20
12:48:51,0,0,0,0,63,0,0,0,56
12:48:57,0,0,0,0,88,0,0,0,56
12:49:03,0,0,0,0,86,0,0,0,55
12:49:09,0,0,0,0,88,73,0,0,52
12:49:15,0,0,0,0,90,0,0,0,54
12:49:21,87,0,0,0,86,0,0,0,54
12:49:27,20,0,0,0,77,20,0,0,33
12:49:33,47,0,0,0,86,0,0,0,55
12:49:39,91,0,0,0,84,0,0,0,20
12:49:45,96,0,0,0,86,0,0,0,53
12:49:51,0,0,0,0,86,0,0,0,56
12:49:57,0,0,0,0,84,0,0,0,37
12:50:03,0,0,0,0,0,71,0,0,55
12:50:09,0,0,0,0,0,73,0,0,52
12:50:15,41,0,0,0,0,0,0,0,49
12:50:21,24,0,0,0,0,0,0,0,56
12:50:28,51,0,0,0,0,20,0,0,57
12:50:34,73,0,0,0,0,72,0,0,54
12:50:40,108,0,0,0,0,72,0,0,54
12:50:46,105,0,0,0,20,69,0,0,0
12:50:52,0,0,0,0,0,70,0,0,0
12:50:58,0,0,0,0,0,68,0,0,0
12:51:04,0,0,0,0,0,69,0,0,0
12:51:10,0,0,0,0,0,72,0,0,20
12:51:16,0,0,0,0,0,72,0,0,29
12:51:22,0,0,0,0,0,72,0,0,54
12:51:28,0,0,0,0,20,69,0,0,54
12:51:34,0,0,0,0,20,72,0,0,55
12:51:41,0,0,0,0,86,69,0,0,54
12:51:47,0,0,0,0,88,30,0,0,54
12:51:53,0,0,0,0,0,0,0,0,20
12:51:59,0,0,0,0,0,73,0,0,31
12:52:05,0,0,0,0,0,70,0,0,48
12:52:11,0,0,0,0,0,72,0,0,56
12:52:17,32,0,0,0,93,70,0,0,49
12:52:23,67,0,0,0,74,72,0,0,56
12:52:29,96,0,0,0,82,69,0,0,55
12:52:35,105,0,0,0,20,76,0,0,54
12:52:41,0,0,0,0,90,70,0,0,54
12:52:47,0,0,0,0,88,72,0,0,20
12:52:53,0,0,0,0,90,73,0,0,30
12:52:59,0,0,0,0,84,72,0,0,56
12:53:05,0,0,0,0,95,70,0,0,55
12:53:11,0,0,0,0,80,70,0,0,56
12:53:17,0,0,0,0,86,73,0,0,55
12:53:23,0,0,0,0,20,72,0,0,32
12:53:29,0,0,0,0,80,0,0,0,55
12:53:35,0,0,0,0,74,0,0,0,48
12:53:42,0,0,0,0,88,0,0,0,0
12:53:48,40,0,0,0,90,0,0,0,27
12:53:54,25,0,0,0,62,0,0,0,0
12:54:00,61,0,0,0,86,0,0,0,0
12:54:06,99,0,0,0,37,0,0,0,0
12:54:12,108,0,0,0,86,0,0,0,0
12:54:18,0,0,0,0,61,0,0,0,0
12:54:24,0,0,0,0,84,0,0,0,0
12:54:30,0,0,0,0,86,0,0,0,0
12:54:36,0,0,0,0,78,0,0,0,0
12:54:42,0,0,0,0,78,0,0,0,0
12:54:48,0,0,0,0,73,0,0,0,0
12:54:54,0,0,0,0,0,0,0,0,0
12:55:01,0,0,0,0,73,0,0,0,0
12:55:07,0,0,0,0,73,0,0,0,0
12:55:13,0,0,0,0,86,0,0,0,0
12:55:19,20,0,0,0,88,0,0,0,31
12:55:25,96,0,0,0,84,0,0,0,52
12:55:31,0,0,0,0,86,0,0,0,55
12:55:37,0,0,0,0,88,0,0,0,55
12:55:43,0,0,0,0,86,0,0,0,55
12:55:49,0,0,0,0,80,0,0,0,55
12:55:55,0,0,0,0,86,0,0,0,33
12:56:02,0,0,0,0,90,0,0,0,55
12:56:08,0,0,0,0,86,0,0,0,0
12:56:14,0,0,0,0,84,0,0,0,28
12:56:20,0,0,0,0,88,0,0,0,55
12:56:26,0,0,0,0,20,0,0,0,56
12:56:32,22,0,0,0,86,0,0,0,56
12:56:38,66,0,0,0,69,0,0,0,56
12:56:44,96,0,0,0,84,0,0,0,37
12:56:51,108,0,0,0,90,0,0,0,45
12:56:57,102,0,0,0,90,0,0,0,56
12:57:03,108,0,0,0,86,0,0,0,0
12:57:09,0,0,0,0,86,0,0,0,27
12:57:15,0,0,0,0,63,0,0,0,53
12:57:21,20,0,0,0,84,0,0,0,56
12:57:28,42,0,0,0,80,0,0,0,56
12:57:34,51,0,0,0,95,0,0,0,56
12:57:40,91,0,0,0,73,0,0,0,53
12:57:46,105,0,0,0,86,0,0,0,31
12:57:52,104,0,0,0,86,0,0,0,56
12:57:58,104,0,0,0,0,0,0,0,0
12:58:04,102,0,0,0,0,0,0,0,27
12:58:10,102,0,0,0,0,0,0,0,55
12:58:16,108,0,0,0,0,0,0,0,55
12:58:22,105,0,0,0,0,0,0,0,0
12:58:29,105,0,0,0,0,0,0,0,0
12:58:35,102,0,0,0,0,0,0,0,0
12:58:41,108,0,0,0,0,0,0,0,20
12:58:47,102,0,0,0,0,0,0,0,56
12:58:53,105,0,0,0,0,0,0,0,53
12:58:59,105,0,0,0,0,0,0,0,0
12:59:05,108,0,0,0,0,0,0,0,20
12:59:12,102,0,0,0,0,0,0,0,31
12:59:18,105,0,0,0,0,0,20,0,55
12:59:24,105,0,0,0,0,0,0,0,0
12:59:30,102,0,0,0,0,0,0,0,26
12:59:36,108,0,0,0,0,0,70,0,55
12:59:42,108,0,0,0,0,0,71,0,55
12:59:48,102,0,0,0,0,0,70,0,55
12:59:54,105,0,0,0,0,0,0,0,55
13:00:00,104,0,0,0,0,0,0,0,56
13:00:06,99,0,0,0,0,0,0,0,54
13:00:13,102,0,0,0,0,0,0,0,56
13:00:19,108,0,0,0,0,0,0,0,0
13:00:25,102,0,0,0,0,0,0,0,27
13:00:31,105,0,0,0,0,0,0,0,56
13:00:37,105,0,0,0,0,0,0,0,56
13:00:43,0,0,0,0,0,0,0,0,55
13:00:49,0,0,0,0,0,0,0,0,56
13:00:55,0,0,0,0,0,0,0,0,55
13:01:01,0,0,0,0,0,0,0,0,55
13:01:07,0,0,0,0,0,0,0,0,55
13:01:13,0,0,0,0,0,0,0,0,0
13:01:19,0,0,0,0,0,0,0,0,30
13:01:25,0,0,0,0,0,0,0,0,55
13:01:31,0,0,0,0,0,0,0,0,56
13:01:37,0,0,0,0,0,0,0,0,53
13:01:43,0,0,0,0,0,0,0,0,54
13:01:49,0,0,0,0,0,0,0,0,50
13:01:55,0,0,0,0,0,0,0,0,32
13:02:01,0,0,0,0,0,0,0,0,55
13:02:07,0,0,0,0,0,71,0,0,0
13:02:13,0,0,0,0,0,70,0,0,27
13:02:19,0,0,0,0,0,70,0,0,55
13:02:25,0,0,0,0,0,69,0,0,56
13:02:31,0,0,0,0,0,74,0,0,49
13:02:37,0,0,0,0,0,70,0,0,50
13:02:43,0,0,0,0,0,71,0,0,33
13:02:49,0,0,0,0,0,72,0,0,55
13:02:55,0,0,0,0,0,67,0,0,56
13:03:02,0,0,0,0,0,72,0,0,56
13:03:08,0,0,0,0,0,70,0,0,0
13:03:13,0,0,0,0,0,72,0,0,0
13:03:19,0,0,0,0,0,69,0,0,0
13:03:25,0,0,0,0,0,69,0,0,0
13:03:32,0,0,0,0,0,71,0,0,0
13:03:38,0,0,0,0,0,20,0,0,0
13:03:44,0,0,0,0,0,72,0,0,0
13:03:50,0,0,0,0,0,70,0,0,0
13:03:56,0,0,0,0,0,71,0,0,0
13:04:02,0,0,0,0,0,73,0,0,20
13:04:08,0,0,0,0,0,74,0,0,20
13:04:14,0,0,0,0,0,70,0,0,56
13:04:20,0,0,0,0,0,68,0,0,56
13:04:26,0,0,0,0,0,70,0,0,55
13:04:32,0,0,0,0,0,74,0,0,31
13:04:38,0,0,0,0,0,68,0,0,49
13:04:44,0,0,0,0,0,71,0,0,48
13:04:50,0,0,0,0,0,71,0,0,53
13:04:56,0,0,0,0,0,72,0,0,56
13:05:02,0,0,0,0,0,70,0,0,20
13:05:08,0,0,0,0,0,73,0,0,34
13:05:14,0,0,0,0,0,0,0,0,55
13:05:20,0,0,0,0,0,75,0,0,0
13:05:26,0,0,0,0,0,73,0,0,20
13:05:32,0,0,0,0,0,70,0,0,56
13:05:38,0,0,0,0,0,68,0,0,54
13:05:44,0,0,0,0,0,71,0,0,55
13:05:50,0,0,0,0,0,74,0,0,55
13:05:56,0,0,0,0,0,73,0,0,56
13:06:02,0,0,0,0,0,70,0,0,51
13:06:08,0,0,0,0,0,74,0,0,0
13:06:14,0,0,0,0,0,72,0,0,29
13:06:21,0,0,0,0,0,73,0,0,56
13:06:27,0,0,0,0,0,73,0,0,56
13:06:33,0,0,0,0,0,73,0,0,55
13:06:39,0,0,0,0,0,73,0,0,56
13:06:45,0,0,0,0,0,30,0,0,56
13:06:51,0,0,0,0,0,71,0,0,54
13:06:57,0,0,0,0,0,75,0,0,50
13:07:03,0,0,0,0,0,73,0,0,20
13:07:09,0,0,0,0,0,73,0,0,55
13:07:15,0,0,0,0,0,70,0,0,57
13:07:21,0,0,0,0,0,72,0,0,55
13:07:27,0,0,0,0,0,71,0,0,57
13:07:33,0,0,0,0,0,73,0,0,53
13:07:39,0,0,0,0,0,74,0,0,51
13:07:45,0,0,0,0,0,72,0,0,56
13:07:51,0,0,0,0,0,73,0,0,55
13:07:57,0,0,0,0,0,75,0,0,20
13:08:03,0,0,0,0,0,70,0,0,0
13:08:09,0,0,0,0,0,71,20,0,0
13:08:15,0,0,0,0,0,73,0,0,0
13:08:21,0,0,0,0,0,0,0,0,0
13:08:27,0,0,0,0,0,72,0,0,0
13:08:33,0,0,0,0,0,73,0,0,0
13:08:39,0,0,0,0,0,72,0,0,0
13:08:45,0,0,0,0,0,71,0,0,0
13:08:51,0,0,0,0,0,69,0,0,0
13:08:57,0,0,0,0,0,74,0,0,0
13:09:03,0,0,0,0,0,70,0,0,31
13:09:09,0,0,0,0,0,74,0,0,56
13:09:15,0,0,0,0,0,75,0,0,54
13:09:21,0,0,0,0,0,70,0,0,56
13:09:27,0,0,0,0,0,71,0,0,56
13:09:33,0,0,0,0,0,75,0,0,52
13:09:39,0,0,0,0,0,73,0,0,55
13:09:45,0,0,0,0,0,68,0,0,56
13:09:51,0,0,0,0,0,31,0,0,0
13:09:58,0,0,0,0,0,0,0,0,0
13:10:03,0,0,0,0,0,0,0,0,0
13:10:10,0,0,0,0,0,0,0,0,20
13:10:16,0,0,0,0,0,0,0,0,31
13:10:22,0,0,0,0,0,0,0,0,55
13:10:28,0,0,0,0,0,0,0,0,55
13:10:34,0,0,0,0,0,0,0,0,0
13:10:40,0,0,0,0,0,0,0,0,0
13:10:46,0,0,0,0,0,0,76,0,20
13:10:52,0,0,0,0,0,0,71,0,50
13:10:58,0,0,0,0,0,0,65,0,56
13:11:04,0,0,0,0,0,0,0,0,55
13:11:10,0,0,0,0,0,0,0,0,56
13:11:16,0,0,0,0,0,0,0,0,20
13:11:22,0,0,0,0,0,0,0,0,56
13:11:28,0,0,0,0,0,0,0,0,56
13:11:34,0,0,0,0,0,0,0,0,53
13:11:40,0,0,0,0,0,0,0,0,56
13:11:46,0,0,0,0,0,0,0,0,53
13:11:52,0,0,0,0,0,0,0,0,56
13:11:58,0,0,0,0,0,0,0,0,55
13:12:04,0,0,0,0,0,0,0,0,0
13:12:10,0,0,0,0,0,0,0,0,47
13:12:16,0,0,0,0,0,0,0,0,0
13:12:22,0,0,0,0,0,0,0,0,0
13:12:28,0,0,0,0,0,0,0,0,0
13:12:34,0,0,0,0,0,0,0,0,0
13:12:40,0,0,0,0,0,0,0,0,22
13:12:46,0,0,0,0,0,0,0,0,55
13:12:52,0,0,0,0,0,0,0,0,51
13:12:58,0,0,0,0,0,0,0,0,53
13:13:04,0,0,0,0,0,0,0,0,56
13:13:10,0,0,0,0,0,0,0,0,56
13:13:17,0,0,0,0,0,0,0,0,56
13:13:23,0,0,0,0,0,0,0,0,55
13:13:29,20,0,0,0,0,0,0,0,0
13:13:35,0,0,0,0,0,0,0,0,30
13:13:41,0,0,0,0,0,0,0,0,34
13:13:47,20,0,0,0,0,0,0,0,56
13:13:53,30,0,0,0,0,0,0,0,48
13:13:59,71,0,0,0,0,0,0,0,53
13:14:05,105,0,0,0,0,0,0,0,0
13:14:11,105,0,0,0,0,0,0,0,20
13:14:17,102,0,0,0,0,0,0,0,0
13:14:23,102,0,0,0,0,0,0,0,55
13:14:29,108,0,0,0,0,0,0,0,53
13:14:35,102,0,0,0,0,0,0,0,49
13:14:41,105,0,0,0,0,0,0,0,0
13:14:47,105,0,0,0,0,0,0,0,56
13:14:53,102,0,0,0,0,0,0,0,55
13:14:59,105,0,0,0,0,0,70,0,50
13:15:05,105,0,0,0,0,0,66,0,55
13:15:11,105,0,0,0,0,0,63,0,56
13:15:17,0,0,0,0,0,0,60,0,54
13:15:23,0,0,0,0,0,0,0,0,0
13:15:29,0,0,0,0,0,0,0,0,0
13:15:35,0,0,0,0,0,0,0,0,0
13:15:41,20,0,0,0,0,0,0,0,0
13:15:47,0,0,0,0,0,0,0,0,0
13:15:53,0,0,0,0,0,0,0,0,29
13:15:59,40,0,0,0,0,0,0,0,33
13:16:05,55,0,0,0,0,0,0,0,53
13:16:11,94,0,0,0,0,0,0,0,20
13:16:17,99,0,0,0,0,0,0,0,54
